Molecula_N,id,isomeric_smiles,canonical_smiles,inchikey,BindingDB MonomerID,IC50_nM
1,50028309,[H]ON(C([H])=O)C([H])([H])C([H])([H])C([H])([H])[P@](=O)([O-])O[H],[H]ON(C([H])=O)C([H])([H])C([H])([H])C([H])([H])P(=O)([O-])O[H],GJXWDTUCERCKIX-UHFFFAOYSA-M,50028309,8.0
2,50441210,[H]ON(C(=O)C([H])([H])S[C@@]([H])(c1c([H])c([H])c(Cl)c(Cl)c1[H])P(=O)(O[H])O[H])C([H])([H])[H],[H]ON(C(=O)C([H])([H])SC([H])(c1c([H])c([H])c(Cl)c(Cl)c1[H])P(=O)(O[H])O[H])C([H])([H])[H],FCHGYCPRLYDAIK-JTQLQIEISA-N,50441210,9.2
3,50528602,[H]ON([H])C(=O)C([H])([H])S[C@]([H])(c1c([H])c(F)c([H])c(F)c1[H])P(=O)(O[H])O[H],[H]ON([H])C(=O)C([H])([H])SC([H])(c1c([H])c(F)c([H])c(F)c1[H])P(=O)(O[H])O[H],CHWZNLZHQNRDMJ-SECBINFHSA-N,50528602,13.0
4,50528593,[H]ON(C(=O)C([H])([H])S[C@]([H])(c1c([H])c(F)c([H])c(F)c1[H])P(=O)(O[H])O[H])C([H])([H])[H],[H]ON(C(=O)C([H])([H])SC([H])(c1c([H])c(F)c([H])c(F)c1[H])P(=O)(O[H])O[H])C([H])([H])[H],IEOBWBKWPIZSFL-SNVBAGLBSA-N,50528593,18.0
5,50153713,[H]ON(C([H])=O)C([H])([H])C([H])([H])C([H])([H])P(=O)(O[H])O[H],[H]ON(C([H])=O)C([H])([H])C([H])([H])C([H])([H])P(=O)(O[H])O[H],GJXWDTUCERCKIX-UHFFFAOYSA-N,50153713,20.0
6,50528598,[H]ON([H])C(=O)C([H])([H])S[C@]([H])(c1c([H])c([H])c(SC([H])([H])[H])c([H])c1[H])P(=O)(O[H])O[H],[H]ON([H])C(=O)C([H])([H])SC([H])(c1c([H])c([H])c(SC([H])([H])[H])c([H])c1[H])P(=O)(O[H])O[H],HTOYGFWFDNRLAI-SNVBAGLBSA-N,50528598,22.0
7,50181153,[H]ON(C(=O)C([H])([H])[H])C([H])([H])C([H])([H])C([H])([H])P(=O)(O[H])O[H],[H]ON(C(=O)C([H])([H])[H])C([H])([H])C([H])([H])C([H])([H])P(=O)(O[H])O[H],PKMNDDZSIHLLLI-UHFFFAOYSA-N,50181153,28.0
8,50181153,[H]ON(C(=O)C([H])([H])[H])C([H])([H])C([H])([H])C([H])([H])P(=O)(O[H])O[H],[H]ON(C(=O)C([H])([H])[H])C([H])([H])C([H])([H])C([H])([H])P(=O)(O[H])O[H],PKMNDDZSIHLLLI-UHFFFAOYSA-N,50181153,30.0
9,50153713,[H]ON(C([H])=O)C([H])([H])C([H])([H])C([H])([H])P(=O)(O[H])O[H],[H]ON(C([H])=O)C([H])([H])C([H])([H])C([H])([H])P(=O)(O[H])O[H],GJXWDTUCERCKIX-UHFFFAOYSA-N,50153713,30.0
10,50153713,[H]ON(C([H])=O)C([H])([H])C([H])([H])C([H])([H])P(=O)(O[H])O[H],[H]ON(C([H])=O)C([H])([H])C([H])([H])C([H])([H])P(=O)(O[H])O[H],GJXWDTUCERCKIX-UHFFFAOYSA-N,50153713,30.0
11,50181153,[H]ON(C(=O)C([H])([H])[H])C([H])([H])C([H])([H])C([H])([H])P(=O)(O[H])O[H],[H]ON(C(=O)C([H])([H])[H])C([H])([H])C([H])([H])C([H])([H])P(=O)(O[H])O[H],PKMNDDZSIHLLLI-UHFFFAOYSA-N,50181153,30.0
12,50181153,[H]ON(C(=O)C([H])([H])[H])C([H])([H])C([H])([H])C([H])([H])P(=O)(O[H])O[H],[H]ON(C(=O)C([H])([H])[H])C([H])([H])C([H])([H])C([H])([H])P(=O)(O[H])O[H],PKMNDDZSIHLLLI-UHFFFAOYSA-N,50181153,30.0
13,50153713,[H]ON(C([H])=O)C([H])([H])C([H])([H])C([H])([H])P(=O)(O[H])O[H],[H]ON(C([H])=O)C([H])([H])C([H])([H])C([H])([H])P(=O)(O[H])O[H],GJXWDTUCERCKIX-UHFFFAOYSA-N,50153713,32.0
14,50153713,[H]ON(C([H])=O)C([H])([H])C([H])([H])C([H])([H])P(=O)(O[H])O[H],[H]ON(C([H])=O)C([H])([H])C([H])([H])C([H])([H])P(=O)(O[H])O[H],GJXWDTUCERCKIX-UHFFFAOYSA-N,50153713,32.0
15,50153713,[H]ON(C([H])=O)C([H])([H])C([H])([H])C([H])([H])P(=O)(O[H])O[H],[H]ON(C([H])=O)C([H])([H])C([H])([H])C([H])([H])P(=O)(O[H])O[H],GJXWDTUCERCKIX-UHFFFAOYSA-N,50153713,42.0
16,50441211,[H]ON(C(=O)C([H])([H])S[C@@]([H])(c1c([H])c([H])c(F)c(F)c1[H])P(=O)(O[H])O[H])C([H])([H])[H],[H]ON(C(=O)C([H])([H])SC([H])(c1c([H])c([H])c(F)c(F)c1[H])P(=O)(O[H])O[H])C([H])([H])[H],OLMCJFHPDFCFTI-JTQLQIEISA-N,50441211,42.0
17,50153713,[H]ON(C([H])=O)C([H])([H])C([H])([H])C([H])([H])P(=O)(O[H])O[H],[H]ON(C([H])=O)C([H])([H])C([H])([H])C([H])([H])P(=O)(O[H])O[H],GJXWDTUCERCKIX-UHFFFAOYSA-N,50153713,48.0
18,50380000,[H]ON(C(=O)C([H])([H])C([H])([H])C([H])([H])P(=O)(O[H])O[H])C([H])([H])[H],[H]ON(C(=O)C([H])([H])C([H])([H])C([H])([H])P(=O)(O[H])O[H])C([H])([H])[H],OXDGJHZVDJQJCC-UHFFFAOYSA-N,50380000,48.0
19,50028309,[H]ON(C([H])=O)C([H])([H])C([H])([H])C([H])([H])[P@](=O)([O-])O[H],[H]ON(C([H])=O)C([H])([H])C([H])([H])C([H])([H])P(=O)([O-])O[H],GJXWDTUCERCKIX-UHFFFAOYSA-M,50028309,49.0
20,50185361,[H]ON(C(=O)C([H])([H])[H])C([H])([H])[C@]1([H])C([H])([H])[C@@]1([H])P(=O)(O[H])O[H],[H]ON(C(=O)C([H])([H])[H])C([H])([H])C1([H])C([H])([H])C1([H])P(=O)(O[H])O[H],LUPJKMGSDFIKFE-NTSWFWBYSA-N,50185361,50.0
21,50422669,[H]ON(C(=O)C([H])([H])[H])C([H])([H])C([H])([H])[C@@]([H])(C([H])([H])[H])P(=O)(O[H])O[H],[H]ON(C(=O)C([H])([H])[H])C([H])([H])C([H])([H])C([H])(C([H])([H])[H])P(=O)(O[H])O[H],DKQIVUFJEDPLFP-RXMQYKEDSA-N,50422669,54.0
22,50181153,[H]ON(C(=O)C([H])([H])[H])C([H])([H])C([H])([H])C([H])([H])P(=O)(O[H])O[H],[H]ON(C(=O)C([H])([H])[H])C([H])([H])C([H])([H])C([H])([H])P(=O)(O[H])O[H],PKMNDDZSIHLLLI-UHFFFAOYSA-N,50181153,58.0
23,50181154,[H]ON(C([H])=O)C([H])([H])C([H])([H])[C@]([H])(c1c([H])c([H])c(Cl)c(Cl)c1[H])P(=O)(O[H])O[H],[H]ON(C([H])=O)C([H])([H])C([H])([H])C([H])(c1c([H])c([H])c(Cl)c(Cl)c1[H])P(=O)(O[H])O[H],AJGPMMOCRYQLNY-SNVBAGLBSA-N,50181154,59.0
24,50181154,[H]ON(C([H])=O)C([H])([H])C([H])([H])[C@]([H])(c1c([H])c([H])c(Cl)c(Cl)c1[H])P(=O)(O[H])O[H],[H]ON(C([H])=O)C([H])([H])C([H])([H])C([H])(c1c([H])c([H])c(Cl)c(Cl)c1[H])P(=O)(O[H])O[H],AJGPMMOCRYQLNY-SNVBAGLBSA-N,50181154,59.0
25,50422650,[H]ON(C(=O)C([H])([H])[H])C([H])([H])/C([H])=C(\[H])P(=O)(O[H])O[H],[H]ON(C(=O)C([H])([H])[H])C([H])([H])C([H])=C([H])P(=O)(O[H])O[H],LJCWFOKLHHHANO-DUXPYHPUSA-N,50422650,65.0
26,50028362,[H]ON(C(=O)C([H])([H])C([H])([H])[C@@]([H])(c1c([H])c([H])c(OC([H])([H])[H])c([H])c1[H])P(=O)(O[H])O[H])C([H])([H])[H],[H]ON(C(=O)C([H])([H])C([H])([H])C([H])(c1c([H])c([H])c(OC([H])([H])[H])c([H])c1[H])P(=O)(O[H])O[H])C([H])([H])[H],VLBYPFQOJHBTHH-NSHDSACASA-N,50028362,70.0
27,50153713,[H]ON(C([H])=O)C([H])([H])C([H])([H])C([H])([H])P(=O)(O[H])O[H],[H]ON(C([H])=O)C([H])([H])C([H])([H])C([H])([H])P(=O)(O[H])O[H],GJXWDTUCERCKIX-UHFFFAOYSA-N,50153713,80.0
28,50153713,[H]ON(C([H])=O)C([H])([H])C([H])([H])C([H])([H])P(=O)(O[H])O[H],[H]ON(C([H])=O)C([H])([H])C([H])([H])C([H])([H])P(=O)(O[H])O[H],GJXWDTUCERCKIX-UHFFFAOYSA-N,50153713,80.0
29,50153713,[H]ON(C([H])=O)C([H])([H])C([H])([H])C([H])([H])P(=O)(O[H])O[H],[H]ON(C([H])=O)C([H])([H])C([H])([H])C([H])([H])P(=O)(O[H])O[H],GJXWDTUCERCKIX-UHFFFAOYSA-N,50153713,80.0
30,50153713,[H]ON(C([H])=O)C([H])([H])C([H])([H])C([H])([H])P(=O)(O[H])O[H],[H]ON(C([H])=O)C([H])([H])C([H])([H])C([H])([H])P(=O)(O[H])O[H],GJXWDTUCERCKIX-UHFFFAOYSA-N,50153713,80.0
31,50153713,[H]ON(C([H])=O)C([H])([H])C([H])([H])C([H])([H])P(=O)(O[H])O[H],[H]ON(C([H])=O)C([H])([H])C([H])([H])C([H])([H])P(=O)(O[H])O[H],GJXWDTUCERCKIX-UHFFFAOYSA-N,50153713,80.0
32,50028309,[H]ON(C([H])=O)C([H])([H])C([H])([H])C([H])([H])[P@](=O)([O-])O[H],[H]ON(C([H])=O)C([H])([H])C([H])([H])C([H])([H])P(=O)([O-])O[H],GJXWDTUCERCKIX-UHFFFAOYSA-M,50028309,80.0
33,50181152,[H]ON(C(=O)C([H])([H])[H])C([H])([H])C([H])([H])[C@]([H])(c1c([H])c([H])c(Cl)c([H])c1[H])P(=O)(O[H])O[H],[H]ON(C(=O)C([H])([H])[H])C([H])([H])C([H])([H])C([H])(c1c([H])c([H])c(Cl)c([H])c1[H])P(=O)(O[H])O[H],JEFTWBFKKFDIAA-LLVKDONJSA-N,50181152,99.0
34,50335484,[H]ON(C(=O)C([H])([H])[H])C([H])([H])C([H])([H])[C@]([H])(c1c([H])c([H])c(Cl)c([H])c1[H])P(=O)(O[H])O[H],[H]ON(C(=O)C([H])([H])[H])C([H])([H])C([H])([H])C([H])(c1c([H])c([H])c(Cl)c([H])c1[H])P(=O)(O[H])O[H],JEFTWBFKKFDIAA-LLVKDONJSA-N,50335484,99.0
35,50422666,[H]ON(C(=O)c1c([H])c([H])c([H])c([H])c1[H])C([H])([H])C([H])([H])C([H])([H])P(=O)(O[H])O[H],[H]ON(C(=O)c1c([H])c([H])c([H])c([H])c1[H])C([H])([H])C([H])([H])C([H])([H])P(=O)(O[H])O[H],IIWMVQGECOWGCK-UHFFFAOYSA-N,50422666,100.0
36,50528598,[H]ON([H])C(=O)C([H])([H])S[C@]([H])(c1c([H])c([H])c(SC([H])([H])[H])c([H])c1[H])P(=O)(O[H])O[H],[H]ON([H])C(=O)C([H])([H])SC([H])(c1c([H])c([H])c(SC([H])([H])[H])c([H])c1[H])P(=O)(O[H])O[H],HTOYGFWFDNRLAI-SNVBAGLBSA-N,50528598,100.0
37,50441208,[H]ON(C(=O)C([H])([H])S[C@@]([H])(c1c([H])c([H])c(C([H])([H])[H])c([H])c1[H])P(=O)(O[H])O[H])C([H])([H])[H],[H]ON(C(=O)C([H])([H])SC([H])(c1c([H])c([H])c(C([H])([H])[H])c([H])c1[H])P(=O)(O[H])O[H])C([H])([H])[H],YZELONIJQXNWSP-NSHDSACASA-N,50441208,110.0
38,50528593,[H]ON(C(=O)C([H])([H])S[C@]([H])(c1c([H])c(F)c([H])c(F)c1[H])P(=O)(O[H])O[H])C([H])([H])[H],[H]ON(C(=O)C([H])([H])SC([H])(c1c([H])c(F)c([H])c(F)c1[H])P(=O)(O[H])O[H])C([H])([H])[H],IEOBWBKWPIZSFL-SNVBAGLBSA-N,50528593,110.0
39,50181148,[H]ON(C(=O)C([H])([H])[H])C([H])([H])C([H])([H])[C@]([H])(c1c([H])c([H])c(Cl)c(Cl)c1[H])P(=O)(O[H])O[H],[H]ON(C(=O)C([H])([H])[H])C([H])([H])C([H])([H])C([H])(c1c([H])c([H])c(Cl)c(Cl)c1[H])P(=O)(O[H])O[H],ABGCTQYLJZGMBM-LLVKDONJSA-N,50181148,119.0
40,50335485,[H]ON(C(=O)C([H])([H])[H])C([H])([H])C([H])([H])[C@]([H])(c1c([H])c([H])c(Cl)c(Cl)c1[H])P(=O)(O[H])O[H],[H]ON(C(=O)C([H])([H])[H])C([H])([H])C([H])([H])C([H])(c1c([H])c([H])c(Cl)c(Cl)c1[H])P(=O)(O[H])O[H],ABGCTQYLJZGMBM-LLVKDONJSA-N,50335485,119.0
41,50441189,[H]ON(C(=O)C([H])([H])S[C@@]([H])(c1c([H])c([H])c([H])c([H])c1[H])P(=O)(O[H])O[H])C([H])([H])[H],[H]ON(C(=O)C([H])([H])SC([H])(c1c([H])c([H])c([H])c([H])c1[H])P(=O)(O[H])O[H])C([H])([H])[H],IWQBQVIYTMIQRL-JTQLQIEISA-N,50441189,120.0
42,50437793,[H]ON(C(=O)c1c([H])c([H])c([H])c(C([H])([H])n2nc([H])nc2[H])c1[H])C([H])([H])C([H])([H])[C@@]([H])(c1c([H])c([H])c(Cl)c(Cl)c1[H])P(=O)(O[H])O[H],[H]ON(C(=O)c1c([H])c([H])c([H])c(C([H])([H])n2nc([H])nc2[H])c1[H])C([H])([H])C([H])([H])C([H])(c1c([H])c([H])c(Cl)c(Cl)c1[H])P(=O)(O[H])O[H],YQKYQGUPTJPWBR-SFHVURJKSA-N,50437793,140.0
43,50028363,[H]ON([H])C(=O)C([H])([H])C([H])([H])[C@@]([H])(c1c([H])c([H])c(OC([H])([H])[H])c([H])c1[H])P(=O)(O[H])O[H],[H]ON([H])C(=O)C([H])([H])C([H])([H])C([H])(c1c([H])c([H])c(OC([H])([H])[H])c([H])c1[H])P(=O)(O[H])O[H],AEDDLQQMYHWTLI-JTQLQIEISA-N,50028363,140.0
44,50181150,[H]ON(C([H])=O)C([H])([H])C([H])([H])[C@]([H])(c1c([H])c([H])c(OC([H])([H])[H])c([H])c1[H])P(=O)(O[H])O[H],[H]ON(C([H])=O)C([H])([H])C([H])([H])C([H])(c1c([H])c([H])c(OC([H])([H])[H])c([H])c1[H])P(=O)(O[H])O[H],KBQCOUQEQCYLJS-LLVKDONJSA-N,50181150,156.0
45,50380000,[H]ON(C(=O)C([H])([H])C([H])([H])C([H])([H])P(=O)(O[H])O[H])C([H])([H])[H],[H]ON(C(=O)C([H])([H])C([H])([H])C([H])([H])P(=O)(O[H])O[H])C([H])([H])[H],OXDGJHZVDJQJCC-UHFFFAOYSA-N,50380000,159.0
46,50185359,[H]ON(C(=O)C([H])([H])[H])C([H])([H])[C@@]1([H])C([H])([H])[C@]1([H])P(=O)(O[H])O[H],[H]ON(C(=O)C([H])([H])[H])C([H])([H])C1([H])C([H])([H])C1([H])P(=O)(O[H])O[H],LUPJKMGSDFIKFE-RITPCOANSA-N,50185359,160.0
47,50181153,[H]ON(C(=O)C([H])([H])[H])C([H])([H])C([H])([H])C([H])([H])P(=O)(O[H])O[H],[H]ON(C(=O)C([H])([H])[H])C([H])([H])C([H])([H])C([H])([H])P(=O)(O[H])O[H],PKMNDDZSIHLLLI-UHFFFAOYSA-N,50181153,160.0
48,50528597,[H]ON(C(=O)C([H])([H])S[C@]([H])(c1c([H])c(OC([H])([H])[H])c([H])c(OC([H])([H])[H])c1[H])P(=O)(O[H])O[H])C([H])([H])[H],[H]ON(C(=O)C([H])([H])SC([H])(c1c([H])c(OC([H])([H])[H])c([H])c(OC([H])([H])[H])c1[H])P(=O)(O[H])O[H])C([H])([H])[H],RVEBSJDQWSFUER-GFCCVEGCSA-N,50528597,160.0
49,50181153,[H]ON(C(=O)C([H])([H])[H])C([H])([H])C([H])([H])C([H])([H])P(=O)(O[H])O[H],[H]ON(C(=O)C([H])([H])[H])C([H])([H])C([H])([H])C([H])([H])P(=O)(O[H])O[H],PKMNDDZSIHLLLI-UHFFFAOYSA-N,50181153,160.0
50,50379999,[H]ON([H])C(=O)C([H])([H])C([H])([H])C([H])([H])P(=O)(O[H])O[H],[H]ON([H])C(=O)C([H])([H])C([H])([H])C([H])([H])P(=O)(O[H])O[H],AKXSFRVADDCWTF-UHFFFAOYSA-N,50379999,170.0
51,50459310,[H]ON(C([H])=O)C([H])([H])/C([H])=C(\[H])[P@@](=O)([O-])O[H],[H]ON(C([H])=O)C([H])([H])C([H])=C([H])P(=O)([O-])O[H],YTTBDWKRMPYBDN-HNQUOIGGSA-M,50459310,170.0
52,50422656,[H]ON(C(=O)C([H])(Cl)Cl)C([H])([H])C([H])([H])C([H])([H])P(=O)(O[H])O[H],[H]ON(C(=O)C([H])(Cl)Cl)C([H])([H])C([H])([H])C([H])([H])P(=O)(O[H])O[H],KMYGXVTWNPXOEZ-UHFFFAOYSA-N,50422656,178.0
53,50081647,[H]ON(C(=O)C([H])([H])[C@]([H])(C([H])([H])[H])C([H])([H])P(=O)(O[H])O[H])C([H])([H])[H],[H]ON(C(=O)C([H])([H])C([H])(C([H])([H])[H])C([H])([H])P(=O)(O[H])O[H])C([H])([H])[H],ACPXIHKQSXLCRP-YFKPBYRVSA-N,50081647,205.0
54,50028309,[H]ON(C([H])=O)C([H])([H])C([H])([H])C([H])([H])[P@](=O)([O-])O[H],[H]ON(C([H])=O)C([H])([H])C([H])([H])C([H])([H])P(=O)([O-])O[H],GJXWDTUCERCKIX-UHFFFAOYSA-M,50028309,220.0
55,50028309,[H]ON(C([H])=O)C([H])([H])C([H])([H])C([H])([H])[P@](=O)([O-])O[H],[H]ON(C([H])=O)C([H])([H])C([H])([H])C([H])([H])P(=O)([O-])O[H],GJXWDTUCERCKIX-UHFFFAOYSA-M,50028309,220.0
56,50422651,[H]ON(C(=O)c1c([H])c([H])c([H])c2c([H])c([H])c([H])c([H])c12)C([H])([H])C([H])([H])C([H])([H])P(=O)(O[H])O[H],[H]ON(C(=O)c1c([H])c([H])c([H])c2c([H])c([H])c([H])c([H])c12)C([H])([H])C([H])([H])C([H])([H])P(=O)(O[H])O[H],GQEOAWGCRFYWAA-UHFFFAOYSA-N,50422651,229.0
57,50153713,[H]ON(C([H])=O)C([H])([H])C([H])([H])C([H])([H])P(=O)(O[H])O[H],[H]ON(C([H])=O)C([H])([H])C([H])([H])C([H])([H])P(=O)(O[H])O[H],GJXWDTUCERCKIX-UHFFFAOYSA-N,50153713,230.0
58,50028309,[H]ON(C([H])=O)C([H])([H])C([H])([H])C([H])([H])[P@](=O)([O-])O[H],[H]ON(C([H])=O)C([H])([H])C([H])([H])C([H])([H])P(=O)([O-])O[H],GJXWDTUCERCKIX-UHFFFAOYSA-M,50028309,230.0
59,50379999,[H]ON([H])C(=O)C([H])([H])C([H])([H])C([H])([H])P(=O)(O[H])O[H],[H]ON([H])C(=O)C([H])([H])C([H])([H])C([H])([H])P(=O)(O[H])O[H],AKXSFRVADDCWTF-UHFFFAOYSA-N,50379999,257.0
60,50441195,[H]ON(C(=O)C([H])([H])C([H])([H])[C@@]([H])(c1c([H])c([H])c(Cl)c(Cl)c1[H])P(=O)(O[H])O[H])C([H])([H])[H],[H]ON(C(=O)C([H])([H])C([H])([H])C([H])(c1c([H])c([H])c(Cl)c(Cl)c1[H])P(=O)(O[H])O[H])C([H])([H])[H],UKTXVNQTYFYHAO-JTQLQIEISA-N,50441195,280.0
61,50441189,[H]ON(C(=O)C([H])([H])S[C@@]([H])(c1c([H])c([H])c([H])c([H])c1[H])P(=O)(O[H])O[H])C([H])([H])[H],[H]ON(C(=O)C([H])([H])SC([H])(c1c([H])c([H])c([H])c([H])c1[H])P(=O)(O[H])O[H])C([H])([H])[H],IWQBQVIYTMIQRL-JTQLQIEISA-N,50441189,280.0
62,50181147,[H]ON(C(=O)C([H])([H])[H])C([H])([H])C([H])([H])[C@]([H])(c1c([H])c([H])c([H])c([H])c1[H])P(=O)(O[H])O[H],[H]ON(C(=O)C([H])([H])[H])C([H])([H])C([H])([H])C([H])(c1c([H])c([H])c([H])c([H])c1[H])P(=O)(O[H])O[H],DTLBAEVDNCUSMB-LLVKDONJSA-N,50181147,282.0
63,50441193,[H]ON(C(=O)C([H])([H])C([H])([H])[C@]([H])(c1c([H])c([H])c(C([H])([H])[H])c([H])c1[H])P(=O)(O[H])O[H])C([H])([H])[H],[H]ON(C(=O)C([H])([H])C([H])([H])C([H])(c1c([H])c([H])c(C([H])([H])[H])c([H])c1[H])P(=O)(O[H])O[H])C([H])([H])[H],YBVPWURHYFIQDS-LLVKDONJSA-N,50441193,290.0
64,50528590,[H]ON([H])C(=O)C([H])([H])S[C@]([H])(c1c([H])c([H])c(C([H])([H])[H])c([H])c1[H])P(=O)(O[H])O[H],[H]ON([H])C(=O)C([H])([H])SC([H])(c1c([H])c([H])c(C([H])([H])[H])c([H])c1[H])P(=O)(O[H])O[H],FBMPGIWVPZIABL-SNVBAGLBSA-N,50528590,290.0
65,50181147,[H]ON(C(=O)C([H])([H])[H])C([H])([H])C([H])([H])[C@]([H])(c1c([H])c([H])c([H])c([H])c1[H])P(=O)(O[H])O[H],[H]ON(C(=O)C([H])([H])[H])C([H])([H])C([H])([H])C([H])(c1c([H])c([H])c([H])c([H])c1[H])P(=O)(O[H])O[H],DTLBAEVDNCUSMB-LLVKDONJSA-N,50181147,311.0
66,50335483,[H]ON(C(=O)C([H])([H])[H])C([H])([H])C([H])([H])[C@]([H])(c1c([H])c([H])c([H])c([H])c1[H])P(=O)(O[H])O[H],[H]ON(C(=O)C([H])([H])[H])C([H])([H])C([H])([H])C([H])(c1c([H])c([H])c([H])c([H])c1[H])P(=O)(O[H])O[H],DTLBAEVDNCUSMB-LLVKDONJSA-N,50335483,311.0
67,50185363,[H]ON(C([H])=O)C([H])([H])[C@]1([H])C([H])([H])[C@@]1([H])P(=O)(O[H])O[H],[H]ON(C([H])=O)C([H])([H])C1([H])C([H])([H])C1([H])P(=O)(O[H])O[H],UQUOLLQTLQTTFU-CRCLSJGQSA-N,50185363,313.0
68,50437797,[H]ON(C(=O)c1c([H])c([H])c([H])c([H])c1[H])C([H])([H])C([H])([H])[C@@]([H])(c1c([H])c([H])c(Cl)c(Cl)c1[H])P(=O)(O[H])O[H],[H]ON(C(=O)c1c([H])c([H])c([H])c([H])c1[H])C([H])([H])C([H])([H])C([H])(c1c([H])c([H])c(Cl)c(Cl)c1[H])P(=O)(O[H])O[H],ZQCVCGYWPNFEAH-HNNXBMFYSA-N,50437797,320.0
69,50028364,[H]ON(C(=O)C([H])([H])C([H])([H])[C@@]([H])(c1c([H])c([H])c(OC([H])([H])[H])c(OC([H])([H])[H])c1[H])P(=O)(O[H])O[H])C([H])([H])[H],[H]ON(C(=O)C([H])([H])C([H])([H])C([H])(c1c([H])c([H])c(OC([H])([H])[H])c(OC([H])([H])[H])c1[H])P(=O)(O[H])O[H])C([H])([H])[H],MTKVPWZBCNHJJD-LBPRGKRZSA-N,50028364,320.0
70,50181153,[H]ON(C(=O)C([H])([H])[H])C([H])([H])C([H])([H])C([H])([H])P(=O)(O[H])O[H],[H]ON(C(=O)C([H])([H])[H])C([H])([H])C([H])([H])C([H])([H])P(=O)(O[H])O[H],PKMNDDZSIHLLLI-UHFFFAOYSA-N,50181153,320.0
71,50528602,[H]ON([H])C(=O)C([H])([H])S[C@]([H])(c1c([H])c(F)c([H])c(F)c1[H])P(=O)(O[H])O[H],[H]ON([H])C(=O)C([H])([H])SC([H])(c1c([H])c(F)c([H])c(F)c1[H])P(=O)(O[H])O[H],CHWZNLZHQNRDMJ-SECBINFHSA-N,50528602,320.0
72,701271,O=CN(O)CCCP(=O)([O-])O,O=CN(O)CCCP(=O)([O-])O,GJXWDTUCERCKIX-UHFFFAOYSA-M,701271,340.0
73,50459311,[H]ON(C(=O)C([H])([H])[H])C([H])([H])C([H])([H])C([H])([H])[P@](=O)([O-])O[H],[H]ON(C(=O)C([H])([H])[H])C([H])([H])C([H])([H])C([H])([H])P(=O)([O-])O[H],PKMNDDZSIHLLLI-UHFFFAOYSA-M,50459311,360.0
74,50181149,[H]ON(C(=O)C([H])([H])[H])C([H])([H])C([H])([H])[C@]([H])(c1c([H])c([H])c(C([H])([H])[H])c([H])c1[H])P(=O)(O[H])O[H],[H]ON(C(=O)C([H])([H])[H])C([H])([H])C([H])([H])C([H])(c1c([H])c([H])c(C([H])([H])[H])c([H])c1[H])P(=O)(O[H])O[H],FNAXXVYOCPGAEJ-GFCCVEGCSA-N,50181149,396.0
75,50335482,[H]ON(C(=O)C([H])([H])[H])C([H])([H])C([H])([H])[C@]([H])(c1c([H])c([H])c(C([H])([H])[H])c([H])c1[H])P(=O)(O[H])O[H],[H]ON(C(=O)C([H])([H])[H])C([H])([H])C([H])([H])C([H])(c1c([H])c([H])c(C([H])([H])[H])c([H])c1[H])P(=O)(O[H])O[H],FNAXXVYOCPGAEJ-GFCCVEGCSA-N,50335482,396.0
76,50380000,[H]ON(C(=O)C([H])([H])C([H])([H])C([H])([H])P(=O)(O[H])O[H])C([H])([H])[H],[H]ON(C(=O)C([H])([H])C([H])([H])C([H])([H])P(=O)(O[H])O[H])C([H])([H])[H],OXDGJHZVDJQJCC-UHFFFAOYSA-N,50380000,410.0
77,50459310,[H]ON(C([H])=O)C([H])([H])/C([H])=C(\[H])[P@@](=O)([O-])O[H],[H]ON(C([H])=O)C([H])([H])C([H])=C([H])P(=O)([O-])O[H],YTTBDWKRMPYBDN-HNQUOIGGSA-M,50459310,410.0
78,50153713,[H]ON(C([H])=O)C([H])([H])C([H])([H])C([H])([H])P(=O)(O[H])O[H],[H]ON(C([H])=O)C([H])([H])C([H])([H])C([H])([H])P(=O)(O[H])O[H],GJXWDTUCERCKIX-UHFFFAOYSA-N,50153713,438.0
79,50153713,[H]ON(C([H])=O)C([H])([H])C([H])([H])C([H])([H])P(=O)(O[H])O[H],[H]ON(C([H])=O)C([H])([H])C([H])([H])C([H])([H])P(=O)(O[H])O[H],GJXWDTUCERCKIX-UHFFFAOYSA-N,50153713,440.0
80,50028373,[H]ON(C(=O)C([H])([H])O[C@@]([H])(c1c([H])c([H])c(OC([H])([H])[H])c([H])c1[H])P(=O)(O[H])O[H])C([H])([H])[H],[H]ON(C(=O)C([H])([H])OC([H])(c1c([H])c([H])c(OC([H])([H])[H])c([H])c1[H])P(=O)(O[H])O[H])C([H])([H])[H],LUULKKFHGAQKEF-LLVKDONJSA-N,50028373,450.0
81,50181151,[H]ON(C(=O)C([H])([H])[H])C([H])([H])C([H])([H])[C@]([H])(c1c([H])c([H])c(OC([H])([H])[H])c([H])c1[H])P(=O)(O[H])O[H],[H]ON(C(=O)C([H])([H])[H])C([H])([H])C([H])([H])C([H])(c1c([H])c([H])c(OC([H])([H])[H])c([H])c1[H])P(=O)(O[H])O[H],WKYGVTJLHPMWIU-GFCCVEGCSA-N,50181151,459.0
82,50335481,[H]ON(C(=O)C([H])([H])[H])C([H])([H])C([H])([H])[C@]([H])(c1c([H])c([H])c(OC([H])([H])[H])c([H])c1[H])P(=O)(O[H])O[H],[H]ON(C(=O)C([H])([H])[H])C([H])([H])C([H])([H])C([H])(c1c([H])c([H])c(OC([H])([H])[H])c([H])c1[H])P(=O)(O[H])O[H],WKYGVTJLHPMWIU-GFCCVEGCSA-N,50335481,459.0
83,50153713,[H]ON(C([H])=O)C([H])([H])C([H])([H])C([H])([H])P(=O)(O[H])O[H],[H]ON(C([H])=O)C([H])([H])C([H])([H])C([H])([H])P(=O)(O[H])O[H],GJXWDTUCERCKIX-UHFFFAOYSA-N,50153713,510.0
84,50441209,[H]ON(C(=O)C([H])([H])S[C@@]([H])(c1c([H])c([H])c([H])c2c([H])c([H])c([H])c([H])c12)P(=O)(O[H])O[H])C([H])([H])[H],[H]ON(C(=O)C([H])([H])SC([H])(c1c([H])c([H])c([H])c2c([H])c([H])c([H])c([H])c12)P(=O)(O[H])O[H])C([H])([H])[H],RWUHAWVQQUMWLS-AWEZNQCLSA-N,50441209,550.0
85,50422677,[H]ON(C(=O)C([H])([H])[H])C([H])([H])[C@@]([H])(C([H])([H])[H])C([H])([H])P(=O)(O[H])O[H],[H]ON(C(=O)C([H])([H])[H])C([H])([H])C([H])(C([H])([H])[H])C([H])([H])P(=O)(O[H])O[H],IHWCDDPJHBMTAV-RXMQYKEDSA-N,50422677,646.0
86,701271,O=CN(O)CCCP(=O)([O-])O,O=CN(O)CCCP(=O)([O-])O,GJXWDTUCERCKIX-UHFFFAOYSA-M,701271,670.0
87,50528603,[H]ON([H])C(=O)C([H])([H])S[C@]([H])(c1c([H])c(OC([H])([H])[H])c([H])c(OC([H])([H])[H])c1[H])P(=O)(O[H])O[H],[H]ON([H])C(=O)C([H])([H])SC([H])(c1c([H])c(OC([H])([H])[H])c([H])c(OC([H])([H])[H])c1[H])P(=O)(O[H])O[H],XGGBDHVHUYHYBD-LLVKDONJSA-N,50528603,680.0
88,50028310,[H]ON([H])C(=O)C([H])([H])C([H])([H])[C@@]([H])(c1c([H])c([H])c(C([H])([H])[H])c([H])c1[H])P(=O)(O[H])O[H],[H]ON([H])C(=O)C([H])([H])C([H])([H])C([H])(c1c([H])c([H])c(C([H])([H])[H])c([H])c1[H])P(=O)(O[H])O[H],SCBADMOVHOXNEN-JTQLQIEISA-N,50028310,700.0
89,50422674,[H]ON(C(=O)C([H])([H])[H])C([H])([H])C([H])([H])[C@@]([H])(C([H])([H])C([H])([H])[H])P(=O)(O[H])O[H],[H]ON(C(=O)C([H])([H])[H])C([H])([H])C([H])([H])C([H])(C([H])([H])C([H])([H])[H])P(=O)(O[H])O[H],VRKRIEKURSYLLU-SSDOTTSWSA-N,50422674,708.0
90,50441205,[H]ON([H])C(=O)C([H])([H])S[C@@]([H])(c1c([H])c([H])c(Cl)c(Cl)c1[H])P(=O)(O[H])O[H],[H]ON([H])C(=O)C([H])([H])SC([H])(c1c([H])c([H])c(Cl)c(Cl)c1[H])P(=O)(O[H])O[H],MMODIMKCMBCKCF-VIFPVBQESA-N,50441205,720.0
91,50441196,[H]ON(C(=O)C([H])([H])C([H])([H])[C@@]([H])(c1c([H])c([H])c(F)c(F)c1[H])P(=O)(O[H])O[H])C([H])([H])[H],[H]ON(C(=O)C([H])([H])C([H])([H])C([H])(c1c([H])c([H])c(F)c(F)c1[H])P(=O)(O[H])O[H])C([H])([H])[H],IZWIBRNXHRUNKD-JTQLQIEISA-N,50441196,770.0
92,50437803,[H]ON(C(=O)c1c([H])c([H])c([H])c([H])c1C([H])([H])[H])C([H])([H])C([H])([H])[C@@]([H])(c1c([H])c([H])c(Cl)c(Cl)c1[H])P(=O)(O[H])O[H],[H]ON(C(=O)c1c([H])c([H])c([H])c([H])c1C([H])([H])[H])C([H])([H])C([H])([H])C([H])(c1c([H])c([H])c(Cl)c(Cl)c1[H])P(=O)(O[H])O[H],RHTCGYHBCJAMDN-INIZCTEOSA-N,50437803,830.0
93,50335493,[H]OP(=O)(O[H])C([H])([H])c1nc([H])c(-c2c([H])c([H])c([H])c([H])c2[H])c([H])c1[H],[H]OP(=O)(O[H])C([H])([H])c1nc([H])c(-c2c([H])c([H])c([H])c([H])c2[H])c([H])c1[H],JTYLHYFDHHMHKD-UHFFFAOYSA-N,50335493,840.0
94,50081649,[H]ON(C(=O)C([H])([H])[C@]([H])(C([H])([H])C([H])([H])C([H])([H])c1c([H])c([H])c([H])c([H])c1[H])C([H])([H])[P@](=O)([O-])O[H])C([H])([H])[H],[H]ON(C(=O)C([H])([H])C([H])(C([H])([H])C([H])([H])C([H])([H])c1c([H])c([H])c([H])c([H])c1[H])C([H])([H])P(=O)([O-])O[H])C([H])([H])[H],YKRNADVNYIPUET-ZDUSSCGKSA-M,50081649,843.0
95,50422649,[H]ON(C(=O)C([H])([H])N([H])C(=O)C([H])([H])C([H])([H])C([H])([H])Oc1c([H])c([H])c([H])c([H])c1[H])C([H])([H])C([H])([H])C([H])([H])P(=O)(O[H])O[H],[H]ON(C(=O)C([H])([H])N([H])C(=O)C([H])([H])C([H])([H])C([H])([H])Oc1c([H])c([H])c([H])c([H])c1[H])C([H])([H])C([H])([H])C([H])([H])P(=O)(O[H])O[H],XVWSGEIMEATWFE-UHFFFAOYSA-N,50422649,1000.0
96,50459311,[H]ON(C(=O)C([H])([H])[H])C([H])([H])C([H])([H])C([H])([H])[P@](=O)([O-])O[H],[H]ON(C(=O)C([H])([H])[H])C([H])([H])C([H])([H])C([H])([H])P(=O)([O-])O[H],PKMNDDZSIHLLLI-UHFFFAOYSA-M,50459311,1000.0
97,50445564,[H]ON(C(=O)C([H])([H])[H])C([H])([H])/C([H])=C(\[H])[P@](=O)([O-])O[H],[H]ON(C(=O)C([H])([H])[H])C([H])([H])C([H])=C([H])P(=O)([O-])O[H],LJCWFOKLHHHANO-DUXPYHPUSA-M,50445564,1070.0
98,50380000,[H]ON(C(=O)C([H])([H])C([H])([H])C([H])([H])P(=O)(O[H])O[H])C([H])([H])[H],[H]ON(C(=O)C([H])([H])C([H])([H])C([H])([H])P(=O)(O[H])O[H])C([H])([H])[H],OXDGJHZVDJQJCC-UHFFFAOYSA-N,50380000,1150.0
99,50437792,[H]ON(C(=O)c1c([H])c([H])c(C([H])([H])n2nc([H])nc2[H])c([H])c1[H])C([H])([H])C([H])([H])[C@@]([H])(c1c([H])c([H])c(Cl)c(Cl)c1[H])P(=O)(O[H])O[H],[H]ON(C(=O)c1c([H])c([H])c(C([H])([H])n2nc([H])nc2[H])c([H])c1[H])C([H])([H])C([H])([H])C([H])(c1c([H])c([H])c(Cl)c(Cl)c1[H])P(=O)(O[H])O[H],MTKONNCMIPCZJN-SFHVURJKSA-N,50437792,1200.0
100,50335486,[H]On1c([H])c(-c2c([H])c([H])c([H])c([H])c2[H])c([H])c([H])c1=O,[H]On1c([H])c(-c2c([H])c([H])c([H])c([H])c2[H])c([H])c([H])c1=O,ISVJDQZSLLHGNB-UHFFFAOYSA-N,50335486,1400.0
101,50379999,[H]ON([H])C(=O)C([H])([H])C([H])([H])C([H])([H])P(=O)(O[H])O[H],[H]ON([H])C(=O)C([H])([H])C([H])([H])C([H])([H])P(=O)(O[H])O[H],AKXSFRVADDCWTF-UHFFFAOYSA-N,50379999,1480.0
102,15236,[H]Oc1c([H])c(-c2oc3c([H])c(O[H])c([H])c(O[H])c3c(=O)c2O[H])c([H])c(O[H])c1O[H],[H]Oc1c([H])c(-c2oc3c([H])c(O[H])c([H])c(O[H])c3c(=O)c2O[H])c([H])c(O[H])c1O[H],IKMDFBPHZNJCSN-UHFFFAOYSA-N,15236,1500.0
103,50028371,[H]ON([H])C(=O)C([H])([H])C([H])([H])[C@@]([H])(c1c([H])c([H])c(OC([H])([H])[H])c(OC([H])([H])[H])c1[H])P(=O)(O[H])O[H],[H]ON([H])C(=O)C([H])([H])C([H])([H])C([H])(c1c([H])c([H])c(OC([H])([H])[H])c(OC([H])([H])[H])c1[H])P(=O)(O[H])O[H],KGPOFMWTMOJKJA-NSHDSACASA-N,50028371,1500.0
104,50437806,[H]ON(C(=O)c1c([H])nc([H])c([H])c1[H])C([H])([H])C([H])([H])C([H])([H])P(=O)(O[H])O[H],[H]ON(C(=O)c1c([H])nc([H])c([H])c1[H])C([H])([H])C([H])([H])C([H])([H])P(=O)(O[H])O[H],YEEGIHBEADGRCT-UHFFFAOYSA-N,50437806,1600.0
105,50441202,[H]ON(C(=O)C([H])([H])O[C@]([H])(c1c([H])c([H])c(Cl)c(Cl)c1[H])P(=O)(O[H])O[H])C([H])([H])[H],[H]ON(C(=O)C([H])([H])OC([H])(c1c([H])c([H])c(Cl)c(Cl)c1[H])P(=O)(O[H])O[H])C([H])([H])[H],BNXJAJGNFMLKQG-JTQLQIEISA-N,50441202,1600.0
106,701274,CC(=O)N(O)C/C=C/P(=O)([O-])O,CC(=O)N(O)CC=CP(=O)([O-])O,LJCWFOKLHHHANO-DUXPYHPUSA-M,701274,1690.0
107,50422662,[H]ON(C(=O)C([H])([H])C([H])([H])C([H])([H])C([H])([H])C([H])([H])C([H])([H])C([H])([H])[H])C([H])([H])C([H])([H])C([H])([H])P(=O)(O[H])O[H],[H]ON(C(=O)C([H])([H])C([H])([H])C([H])([H])C([H])([H])C([H])([H])C([H])([H])C([H])([H])[H])C([H])([H])C([H])([H])C([H])([H])P(=O)(O[H])O[H],GWBDABZSDWGHSK-UHFFFAOYSA-N,50422662,1698.0
108,50441206,[H]ON([H])C(=O)C([H])([H])S[C@@]([H])(c1c([H])c([H])c(F)c(F)c1[H])P(=O)(O[H])O[H],[H]ON([H])C(=O)C([H])([H])SC([H])(c1c([H])c([H])c(F)c(F)c1[H])P(=O)(O[H])O[H],NRYOYJDZCNIYIA-VIFPVBQESA-N,50441206,1700.0
109,50422663,[H]ON(C([H])=O)C([H])([H])C([H])([H])[C@@]([H])(C([H])([H])C([H])([H])[H])P(=O)(O[H])O[H],[H]ON(C([H])=O)C([H])([H])C([H])([H])C([H])(C([H])([H])C([H])([H])[H])P(=O)(O[H])O[H],JCVSPWKNRTXJHO-ZCFIWIBFSA-N,50422663,1778.0
110,50441193,[H]ON(C(=O)C([H])([H])C([H])([H])[C@]([H])(c1c([H])c([H])c(C([H])([H])[H])c([H])c1[H])P(=O)(O[H])O[H])C([H])([H])[H],[H]ON(C(=O)C([H])([H])C([H])([H])C([H])(c1c([H])c([H])c(C([H])([H])[H])c([H])c1[H])P(=O)(O[H])O[H])C([H])([H])[H],YBVPWURHYFIQDS-LLVKDONJSA-N,50441193,1800.0
111,50441193,[H]ON(C(=O)C([H])([H])C([H])([H])[C@]([H])(c1c([H])c([H])c(C([H])([H])[H])c([H])c1[H])P(=O)(O[H])O[H])C([H])([H])[H],[H]ON(C(=O)C([H])([H])C([H])([H])C([H])(c1c([H])c([H])c(C([H])([H])[H])c([H])c1[H])P(=O)(O[H])O[H])C([H])([H])[H],YBVPWURHYFIQDS-LLVKDONJSA-N,50441193,1800.0
112,50422641,[H]Oc1c([H])c([H])c([H])c([H])c1C(=O)N(O[H])C([H])([H])C([H])([H])C([H])([H])P(=O)(O[H])O[H],[H]Oc1c([H])c([H])c([H])c([H])c1C(=O)N(O[H])C([H])([H])C([H])([H])C([H])([H])P(=O)(O[H])O[H],OQQWYIHQDYABED-UHFFFAOYSA-N,50422641,1820.0
113,50422653,[H]ON([H])C(=O)C([H])([H])N(C([H])([H])c1c([H])c([H])c([H])c([H])c1[H])C([H])([H])P(=O)(O[H])O[H],[H]ON([H])C(=O)C([H])([H])N(C([H])([H])c1c([H])c([H])c([H])c([H])c1[H])C([H])([H])P(=O)(O[H])O[H],QIRZEGHSNYORGB-UHFFFAOYSA-N,50422653,1820.0
114,7460,[H]Oc1c([H])c([H])c(-c2oc3c([H])c(O[H])c([H])c(O[H])c3c(=O)c2O[H])c([H])c1O[H],[H]Oc1c([H])c([H])c(-c2oc3c([H])c(O[H])c([H])c(O[H])c3c(=O)c2O[H])c([H])c1O[H],REFJWTPEDVJJIY-UHFFFAOYSA-N,7460,1900.0
115,50437804,[H]ON(C(=O)c1c([H])c([H])c2c([H])c([H])c([H])c([H])c2c1[H])C([H])([H])C([H])([H])C([H])([H])P(=O)(O[H])O[H],[H]ON(C(=O)c1c([H])c([H])c2c([H])c([H])c([H])c([H])c2c1[H])C([H])([H])C([H])([H])C([H])([H])P(=O)(O[H])O[H],CVMPGCYASBHOSC-UHFFFAOYSA-N,50437804,2000.0
116,50422666,[H]ON(C(=O)c1c([H])c([H])c([H])c([H])c1[H])C([H])([H])C([H])([H])C([H])([H])P(=O)(O[H])O[H],[H]ON(C(=O)c1c([H])c([H])c([H])c([H])c1[H])C([H])([H])C([H])([H])C([H])([H])P(=O)(O[H])O[H],IIWMVQGECOWGCK-UHFFFAOYSA-N,50422666,2000.0
117,50028362,[H]ON(C(=O)C([H])([H])C([H])([H])[C@@]([H])(c1c([H])c([H])c(OC([H])([H])[H])c([H])c1[H])P(=O)(O[H])O[H])C([H])([H])[H],[H]ON(C(=O)C([H])([H])C([H])([H])C([H])(c1c([H])c([H])c(OC([H])([H])[H])c([H])c1[H])P(=O)(O[H])O[H])C([H])([H])[H],VLBYPFQOJHBTHH-NSHDSACASA-N,50028362,2000.0
118,50441197,[H]ON(C(=O)C([H])([H])C([H])([H])[C@]([H])(c1c([H])c([H])c([H])c([H])c1[H])P(=O)(O[H])O[H])C([H])([H])[H],[H]ON(C(=O)C([H])([H])C([H])([H])C([H])(c1c([H])c([H])c([H])c([H])c1[H])P(=O)(O[H])O[H])C([H])([H])[H],IVXUMQUJFAYDTH-SNVBAGLBSA-N,50441197,2000.0
119,50009001,[H]Oc1c(O[H])c(O[H])c2c(=O)c([H])c(-c3c([H])c([H])c([H])c([H])c3[H])oc2c1[H],[H]Oc1c(O[H])c(O[H])c2c(=O)c([H])c(-c3c([H])c([H])c([H])c([H])c3[H])oc2c1[H],FXNFHKRTJBSTCS-UHFFFAOYSA-N,50009001,2200.0
120,50422646,[H]ON(C(=O)C([H])([H])[H])[C@@]1([H])C([H])([H])C([H])([H])[C@@]([H])(P(=O)(O[H])O[H])C1([H])[H],[H]ON(C(=O)C([H])([H])[H])C1([H])C([H])([H])C([H])([H])C([H])(P(=O)(O[H])O[H])C1([H])[H],BVFGMYZIZBWGSZ-NKWVEPMBSA-N,50422646,2344.0
121,50181153,[H]ON(C(=O)C([H])([H])[H])C([H])([H])C([H])([H])C([H])([H])P(=O)(O[H])O[H],[H]ON(C(=O)C([H])([H])[H])C([H])([H])C([H])([H])C([H])([H])P(=O)(O[H])O[H],PKMNDDZSIHLLLI-UHFFFAOYSA-N,50181153,2390.0
122,50422645,[H]ON(C(=O)c1c([H])c([H])c(-c2c([H])c([H])c([H])c([H])c2[H])c([H])c1[H])C([H])([H])C([H])([H])C([H])([H])P(=O)(O[H])O[H],[H]ON(C(=O)c1c([H])c([H])c(-c2c([H])c([H])c([H])c([H])c2[H])c([H])c1[H])C([H])([H])C([H])([H])C([H])([H])P(=O)(O[H])O[H],GPQHBCCFQBXMAZ-UHFFFAOYSA-N,50422645,2399.0
123,50028373,[H]ON(C(=O)C([H])([H])O[C@@]([H])(c1c([H])c([H])c(OC([H])([H])[H])c([H])c1[H])P(=O)(O[H])O[H])C([H])([H])[H],[H]ON(C(=O)C([H])([H])OC([H])(c1c([H])c([H])c(OC([H])([H])[H])c([H])c1[H])P(=O)(O[H])O[H])C([H])([H])[H],LUULKKFHGAQKEF-LLVKDONJSA-N,50028373,2800.0
124,50185362,[H]ON(C(=O)C([H])([H])C([H])([H])[H])C([H])([H])[C@]1([H])C([H])([H])[C@@]1([H])P(=O)(O[H])O[H],[H]ON(C(=O)C([H])([H])C([H])([H])[H])C([H])([H])C1([H])C([H])([H])C1([H])P(=O)(O[H])O[H],HHEIMEHJOWXXGX-NTSWFWBYSA-N,50185362,3000.0
125,50044976,[H]OC(=O)C([H])([H])N1C(=O)/C(=C(\[H])c2c([H])c([H])c(O[H])c(O[H])c2[H])SC1=S,[H]OC(=O)C([H])([H])N1C(=O)C(=C([H])c2c([H])c([H])c(O[H])c(O[H])c2[H])SC1=S,MNPZQUQRMCXSTL-WTKPLQERSA-N,50044976,3100.0
126,50044967,[H]Oc1c([H])c([H])c(/C([H])=C2\SC(=S)N(C([H])([H])C(=O)N([H])c3c([H])c([H])c(Oc4c([H])c([H])c(Cl)c([H])c4[H])c([H])c3[H])C2=O)c([H])c1O[H],[H]Oc1c([H])c([H])c(C([H])=C2SC(=S)N(C([H])([H])C(=O)N([H])c3c([H])c([H])c(Oc4c([H])c([H])c(Cl)c([H])c4[H])c([H])c3[H])C2=O)c([H])c1O[H],ZFXMQLUPFQGBOL-MTJSOVHGSA-N,50044967,3200.0
127,50044973,[H]Oc1c([H])c([H])c([H])c(/C([H])=C2\SC(=S)N(C([H])([H])C(=O)N([H])c3c([H])c([H])c(Oc4c([H])c([H])c(Cl)c([H])c4[H])c([H])c3[H])C2=O)c1O[H],[H]Oc1c([H])c([H])c([H])c(C([H])=C2SC(=S)N(C([H])([H])C(=O)N([H])c3c([H])c([H])c(Oc4c([H])c([H])c(Cl)c([H])c4[H])c([H])c3[H])C2=O)c1O[H],DHOBLLZJXRUGFB-NDENLUEZSA-N,50044973,3300.0
128,701274,CC(=O)N(O)C/C=C/P(=O)([O-])O,CC(=O)N(O)CC=CP(=O)([O-])O,LJCWFOKLHHHANO-DUXPYHPUSA-M,701274,3310.0
129,7459,[H]Oc1c([H])c([H])c(-c2oc3c([H])c(O[H])c([H])c(O[H])c3c(=O)c2[H])c([H])c1O[H],[H]Oc1c([H])c([H])c(-c2oc3c([H])c(O[H])c([H])c(O[H])c3c(=O)c2[H])c([H])c1O[H],IQPNAANSBPBGFQ-UHFFFAOYSA-N,7459,3400.0
130,50441191,[H]ON([H])C(=O)C([H])([H])C([H])([H])[C@@]([H])(c1c([H])c([H])c(F)c(F)c1[H])P(=O)(O[H])O[H],[H]ON([H])C(=O)C([H])([H])C([H])([H])C([H])(c1c([H])c([H])c(F)c(F)c1[H])P(=O)(O[H])O[H],WIEOHPNCBSMHIO-VIFPVBQESA-N,50441191,3400.0
131,7457,[H]Oc1c([H])c([H])c(-c2oc3c([H])c(O[H])c([H])c([H])c3c(=O)c2O[H])c([H])c1O[H],[H]Oc1c([H])c([H])c(-c2oc3c([H])c(O[H])c([H])c([H])c3c(=O)c2O[H])c([H])c1O[H],XHEFDIBZLJXQHF-UHFFFAOYSA-N,7457,3500.0
132,50437805,[H]ON(C(=O)c1c([H])nc([H])c(C(=O)N([H])[H])c1[H])C([H])([H])C([H])([H])C([H])([H])P(=O)(O[H])O[H],[H]ON(C(=O)c1c([H])nc([H])c(C(=O)N([H])[H])c1[H])C([H])([H])C([H])([H])C([H])([H])P(=O)(O[H])O[H],GCOMLAHZHFPXKE-UHFFFAOYSA-N,50437805,3600.0
133,50044971,[H]Oc1c([H])c([H])c([H])c(/C([H])=C2\SC(=S)N(C([H])([H])C(=O)N([H])c3c([H])c([H])c(Oc4c([H])c([H])c(C([H])([H])[H])c([H])c4[H])c([H])c3[H])C2=O)c1O[H],[H]Oc1c([H])c([H])c([H])c(C([H])=C2SC(=S)N(C([H])([H])C(=O)N([H])c3c([H])c([H])c(Oc4c([H])c([H])c(C([H])([H])[H])c([H])c4[H])c([H])c3[H])C2=O)c1O[H],BXEYEGVRESMXSL-BKUYFWCQSA-N,50044971,3600.0
134,50044975,[H]Oc1c([H])c([H])c(/C([H])=C2\SC(=S)N(C([H])([H])C(=O)N([H])O[H])C2=O)c([H])c1O[H],[H]Oc1c([H])c([H])c(C([H])=C2SC(=S)N(C([H])([H])C(=O)N([H])O[H])C2=O)c([H])c1O[H],OCWLWNNESIGNST-WTKPLQERSA-N,50044975,3800.0
135,50441200,[H]ON(C(=O)C([H])([H])O[C@]([H])(c1c([H])c([H])c(C([H])([H])[H])c([H])c1[H])P(=O)(O[H])O[H])C([H])([H])[H],[H]ON(C(=O)C([H])([H])OC([H])(c1c([H])c([H])c(C([H])([H])[H])c([H])c1[H])P(=O)(O[H])O[H])C([H])([H])[H],RRNKZJYPJAPRFT-NSHDSACASA-N,50441200,4000.0
136,50135835,[H]OP(=O)(O[H])C([H])(N([H])c1nc([H])c([H])c2c([H])c([H])c([H])c([H])c12)P(=O)(O[H])O[H],[H]OP(=O)(O[H])C([H])(N([H])c1nc([H])c([H])c2c([H])c([H])c([H])c([H])c12)P(=O)(O[H])O[H],JPVMIOWESIQIGB-UHFFFAOYSA-N,50135835,4000.0
137,50135835,[H]OP(=O)(O[H])C([H])(N([H])c1nc([H])c([H])c2c([H])c([H])c([H])c([H])c12)P(=O)(O[H])O[H],[H]OP(=O)(O[H])C([H])(N([H])c1nc([H])c([H])c2c([H])c([H])c([H])c([H])c12)P(=O)(O[H])O[H],JPVMIOWESIQIGB-UHFFFAOYSA-N,50135835,4000.0
138,59100,[H]Oc1c([H])c([H])c(/C([H])=C2\SC(=S)N(C([H])([H])C(=O)N([H])c3c([H])c([H])c(Oc4c([H])c([H])c(C([H])([H])[H])c([H])c4[H])c([H])c3[H])C2=O)c([H])c1O[H],[H]Oc1c([H])c([H])c(C([H])=C2SC(=S)N(C([H])([H])C(=O)N([H])c3c([H])c([H])c(Oc4c([H])c([H])c(C([H])([H])[H])c([H])c4[H])c([H])c3[H])C2=O)c([H])c1O[H],NDEWWTFWHOMPMV-XKZIYDEJSA-N,59100,4100.0
139,50028380,[H]ON(C(=O)C([H])([H])C([H])([H])C([H])([H])[C@@]([H])(c1c([H])c([H])c([H])c([H])c1[H])P(=O)(O[H])O[H])C([H])([H])[H],[H]ON(C(=O)C([H])([H])C([H])([H])C([H])([H])C([H])(c1c([H])c([H])c([H])c([H])c1[H])P(=O)(O[H])O[H])C([H])([H])[H],BJAJYJPPRQEDDK-NSHDSACASA-N,50028380,4300.0
140,50528595,[H]ON(C(=O)C([H])([H])S(=O)(=O)[C@]([H])(c1c([H])c(F)c([H])c(F)c1[H])P(=O)(O[H])O[H])C([H])([H])[H],[H]ON(C(=O)C([H])([H])S(=O)(=O)C([H])(c1c([H])c(F)c([H])c(F)c1[H])P(=O)(O[H])O[H])C([H])([H])[H],UUQUCESUGTXANS-SNVBAGLBSA-N,50528595,4300.0
141,50044976,[H]OC(=O)C([H])([H])N1C(=O)/C(=C(\[H])c2c([H])c([H])c(O[H])c(O[H])c2[H])SC1=S,[H]OC(=O)C([H])([H])N1C(=O)C(=C([H])c2c([H])c([H])c(O[H])c(O[H])c2[H])SC1=S,MNPZQUQRMCXSTL-WTKPLQERSA-N,50044976,4400.0
142,50528597,[H]ON(C(=O)C([H])([H])S[C@]([H])(c1c([H])c(OC([H])([H])[H])c([H])c(OC([H])([H])[H])c1[H])P(=O)(O[H])O[H])C([H])([H])[H],[H]ON(C(=O)C([H])([H])SC([H])(c1c([H])c(OC([H])([H])[H])c([H])c(OC([H])([H])[H])c1[H])P(=O)(O[H])O[H])C([H])([H])[H],RVEBSJDQWSFUER-GFCCVEGCSA-N,50528597,4400.0
143,50528601,[H]ON([H])C(=O)C([H])([H])S(=O)(=O)[C@]([H])(c1c([H])c(OC([H])([H])[H])c([H])c(OC([H])([H])[H])c1[H])P(=O)(O[H])O[H],[H]ON([H])C(=O)C([H])([H])S(=O)(=O)C([H])(c1c([H])c(OC([H])([H])[H])c([H])c(OC([H])([H])[H])c1[H])P(=O)(O[H])O[H],SUVNJFICWNSRLX-LLVKDONJSA-N,50528601,4500.0
144,50441203,[H]ON(C(=O)C([H])([H])O[C@]([H])(c1c([H])c([H])c(F)c(F)c1[H])P(=O)(O[H])O[H])C([H])([H])[H],[H]ON(C(=O)C([H])([H])OC([H])(c1c([H])c([H])c(F)c(F)c1[H])P(=O)(O[H])O[H])C([H])([H])[H],XKRWMTQGABKZDX-JTQLQIEISA-N,50441203,4600.0
145,50335492,[H]OP(=O)(O[H])C([H])([H])c1nc([H])c([H])c([H])c1[H],[H]OP(=O)(O[H])C([H])([H])c1nc([H])c([H])c([H])c1[H],WVWCWWLEFNGDBC-UHFFFAOYSA-N,50335492,4600.0
146,50422670,[H]ON(C(=O)C([H])([H])N([H])C(=O)c1c([H])c([H])c(OC(F)(F)F)c([H])c1[H])C([H])([H])C([H])([H])C([H])([H])P(=O)(O[H])O[H],[H]ON(C(=O)C([H])([H])N([H])C(=O)c1c([H])c([H])c(OC(F)(F)F)c([H])c1[H])C([H])([H])C([H])([H])C([H])([H])P(=O)(O[H])O[H],BSNRVHMVFQEWLQ-UHFFFAOYSA-N,50422670,5129.0
147,50044975,[H]Oc1c([H])c([H])c(/C([H])=C2\SC(=S)N(C([H])([H])C(=O)N([H])O[H])C2=O)c([H])c1O[H],[H]Oc1c([H])c([H])c(C([H])=C2SC(=S)N(C([H])([H])C(=O)N([H])O[H])C2=O)c([H])c1O[H],OCWLWNNESIGNST-WTKPLQERSA-N,50044975,6100.0
148,50422659,[H]ON(C([H])=O)C([H])([H])[C@@]([H])(C([H])([H])c1c([H])c([H])c([H])c([H])c1[H])C([H])([H])P(=O)(O[H])O[H],[H]ON(C([H])=O)C([H])([H])C([H])(C([H])([H])c1c([H])c([H])c([H])c([H])c1[H])C([H])([H])P(=O)(O[H])O[H],GSTJPVSZSQVHTK-LLVKDONJSA-N,50422659,6457.0
149,50422643,[H]ON(C(=O)C([H])([H])[H])C([H])([H])C([H])([H])[C@@]([H])(C([H])([H])C([H])([H])C([H])([H])[H])P(=O)(O[H])O[H],[H]ON(C(=O)C([H])([H])[H])C([H])([H])C([H])([H])C([H])(C([H])([H])C([H])([H])C([H])([H])[H])P(=O)(O[H])O[H],JTGWCTDCLRMUIK-MRVPVSSYSA-N,50422643,6607.0
150,50422654,[H]ON(C([H])=O)C([H])([H])C([H])([H])[C@@]([H])(C([H])(C([H])([H])[H])C([H])([H])[H])P(=O)(O[H])O[H],[H]ON(C([H])=O)C([H])([H])C([H])([H])C([H])(C([H])(C([H])([H])[H])C([H])([H])[H])P(=O)(O[H])O[H],DFKLUTJHAPCQBM-ZETCQYMHSA-N,50422654,6607.0
151,50081650,[H]ON(C(=O)C([H])([H])[C@]([H])(C([H])([H])C([H])([H])C([H])([H])C([H])([H])c1c([H])c([H])c([H])c([H])c1[H])C([H])([H])[P@](=O)([O-])O[H])C([H])([H])[H],[H]ON(C(=O)C([H])([H])C([H])(C([H])([H])C([H])([H])C([H])([H])C([H])([H])c1c([H])c([H])c([H])c([H])c1[H])C([H])([H])P(=O)([O-])O[H])C([H])([H])[H],FWCPRMVLUHPTMF-AWEZNQCLSA-M,50081650,6670.0
152,50437801,[H]ON(C(=O)c1c([H])c([H])c([H])c([H])c1C([H])([H])c1sc([H])c([H])c1[H])C([H])([H])C([H])([H])[C@@]([H])(c1c([H])c([H])c(Cl)c(Cl)c1[H])P(=O)(O[H])O[H],[H]ON(C(=O)c1c([H])c([H])c([H])c([H])c1C([H])([H])c1sc([H])c([H])c1[H])C([H])([H])C([H])([H])C([H])(c1c([H])c([H])c(Cl)c(Cl)c1[H])P(=O)(O[H])O[H],RNHFOWGQTCFQEC-FQEVSTJZSA-N,50437801,7000.0
153,50115109,[H]OP(=O)(O[H])C([H])(N([H])c1nc([H])c(Cl)c([H])c1[H])P(=O)(O[H])O[H],[H]OP(=O)(O[H])C([H])(N([H])c1nc([H])c(Cl)c([H])c1[H])P(=O)(O[H])O[H],BNMYZGAZFGNKTH-UHFFFAOYSA-N,50115109,7000.0
154,50422642,[H]ON(C(=O)C([H])([H])N([H])C(=O)C1([H])C([H])([H])C1([H])[H])C([H])([H])C([H])([H])C([H])([H])P(=O)(O[H])O[H],[H]ON(C(=O)C([H])([H])N([H])C(=O)C1([H])C([H])([H])C1([H])[H])C([H])([H])C([H])([H])C([H])([H])P(=O)(O[H])O[H],UHCOSYOZVSEXPK-UHFFFAOYSA-N,50422642,7079.0
155,50335490,[H]OP(=O)(O[H])C([H])([H])c1c([H])c([H])nc([H])c1[H],[H]OP(=O)(O[H])C([H])([H])c1c([H])c([H])nc([H])c1[H],FMAPICFMLRVVSP-UHFFFAOYSA-N,50335490,7100.0
156,50081647,[H]ON(C(=O)C([H])([H])[C@]([H])(C([H])([H])[H])C([H])([H])P(=O)(O[H])O[H])C([H])([H])[H],[H]ON(C(=O)C([H])([H])C([H])(C([H])([H])[H])C([H])([H])P(=O)(O[H])O[H])C([H])([H])[H],ACPXIHKQSXLCRP-YFKPBYRVSA-N,50081647,7130.0
157,50437796,[H]ON(C(=O)c1c([H])c([H])c([H])c([H])c1OC(F)(F)F)C([H])([H])C([H])([H])[C@@]([H])(c1c([H])c([H])c(Cl)c(Cl)c1[H])P(=O)(O[H])O[H],[H]ON(C(=O)c1c([H])c([H])c([H])c([H])c1OC(F)(F)F)C([H])([H])C([H])([H])C([H])(c1c([H])c([H])c(Cl)c(Cl)c1[H])P(=O)(O[H])O[H],PDZIQZYFJOAVFY-HNNXBMFYSA-N,50437796,8000.0
158,50422671,[H]ON(C([H])=O)C([H])([H])C([H])([H])[C@@]([H])(C([H])([H])C([H])([H])C([H])([H])[H])P(=O)(O[H])O[H],[H]ON(C([H])=O)C([H])([H])C([H])([H])C([H])(C([H])([H])C([H])([H])C([H])([H])[H])P(=O)(O[H])O[H],PTRYLLOUYRUORZ-SSDOTTSWSA-N,50422671,8128.0
159,50528590,[H]ON([H])C(=O)C([H])([H])S[C@]([H])(c1c([H])c([H])c(C([H])([H])[H])c([H])c1[H])P(=O)(O[H])O[H],[H]ON([H])C(=O)C([H])([H])SC([H])(c1c([H])c([H])c(C([H])([H])[H])c([H])c1[H])P(=O)(O[H])O[H],FBMPGIWVPZIABL-SNVBAGLBSA-N,50528590,8200.0
160,50437802,[H]ON(C(=O)c1c([H])c([H])c([H])c([H])c1C(F)(F)F)C([H])([H])C([H])([H])[C@@]([H])(c1c([H])c([H])c(Cl)c(Cl)c1[H])P(=O)(O[H])O[H],[H]ON(C(=O)c1c([H])c([H])c([H])c([H])c1C(F)(F)F)C([H])([H])C([H])([H])C([H])(c1c([H])c([H])c(Cl)c(Cl)c1[H])P(=O)(O[H])O[H],MEDBZDOCGVNSLM-HNNXBMFYSA-N,50437802,9000.0
161,50422664,[H]ON([H])C(=O)[C@@]([H])(N([H])[H])C([H])([H])C([H])([H])P(=O)(O[H])O[H],[H]ON([H])C(=O)C([H])(N([H])[H])C([H])([H])C([H])([H])P(=O)(O[H])O[H],FHMAKACGDXCLNE-VKHMYHEASA-N,50422664,9772.0
162,50335491,[H]OP(=O)(O[H])C([H])([H])c1c([H])nc([H])c([H])c1[H],[H]OP(=O)(O[H])C([H])([H])c1c([H])nc([H])c([H])c1[H],QDDHHQXANXQQAY-UHFFFAOYSA-N,50335491,10000.0
163,50081649,[H]ON(C(=O)C([H])([H])[C@]([H])(C([H])([H])C([H])([H])C([H])([H])c1c([H])c([H])c([H])c([H])c1[H])C([H])([H])[P@](=O)([O-])O[H])C([H])([H])[H],[H]ON(C(=O)C([H])([H])C([H])(C([H])([H])C([H])([H])C([H])([H])c1c([H])c([H])c([H])c([H])c1[H])C([H])([H])P(=O)([O-])O[H])C([H])([H])[H],YKRNADVNYIPUET-ZDUSSCGKSA-M,50081649,10350.0
164,50422676,[H]ON(C(=O)C(C([H])([H])[H])(C([H])([H])[H])C([H])([H])[H])C([H])([H])C([H])([H])C([H])([H])P(=O)(O[H])O[H],[H]ON(C(=O)C(C([H])([H])[H])(C([H])([H])[H])C([H])([H])[H])C([H])([H])C([H])([H])C([H])([H])P(=O)(O[H])O[H],NEZISRPYGWZJCI-UHFFFAOYSA-N,50422676,10965.0
165,50028381,[H]ON(C(=O)C([H])([H])C([H])([H])[C@@]([H])(N([H])C(=O)c1c([H])c([H])c([H])c([H])c1[H])P(=O)(O[H])O[H])C([H])([H])[H],[H]ON(C(=O)C([H])([H])C([H])([H])C([H])(N([H])C(=O)c1c([H])c([H])c([H])c([H])c1[H])P(=O)(O[H])O[H])C([H])([H])[H],DIHZMVOBBRRTTG-JTQLQIEISA-N,50028381,11000.0
166,50028310,[H]ON([H])C(=O)C([H])([H])C([H])([H])[C@@]([H])(c1c([H])c([H])c(C([H])([H])[H])c([H])c1[H])P(=O)(O[H])O[H],[H]ON([H])C(=O)C([H])([H])C([H])([H])C([H])(c1c([H])c([H])c(C([H])([H])[H])c([H])c1[H])P(=O)(O[H])O[H],SCBADMOVHOXNEN-JTQLQIEISA-N,50028310,11000.0
167,50528600,[H]ON(C(=O)C([H])([H])S(=O)(=O)[C@]([H])(c1c([H])c([H])c(Cl)c(Cl)c1[H])P(=O)(O[H])O[H])C([H])([H])[H],[H]ON(C(=O)C([H])([H])S(=O)(=O)C([H])(c1c([H])c([H])c(Cl)c(Cl)c1[H])P(=O)(O[H])O[H])C([H])([H])[H],HLANOBCZDCGZQO-SNVBAGLBSA-N,50528600,11000.0
168,701278,COCOCOCOP(=O)(/C=C/CN(O)C=O)OCOCOCOC,COCOCOCOP(=O)(C=CCN(O)C=O)OCOCOCOC,ZFHQRCCUHAVXPR-HWKANZROSA-N,701278,12560.0
169,50437794,[H]ON(C(=O)c1c([H])c([H])c([H])c([H])c1C([H])([H])n1nc([H])nc1[H])C([H])([H])C([H])([H])[C@@]([H])(c1c([H])c([H])c(Cl)c(Cl)c1[H])P(=O)(O[H])O[H],[H]ON(C(=O)c1c([H])c([H])c([H])c([H])c1C([H])([H])n1nc([H])nc1[H])C([H])([H])C([H])([H])C([H])(c1c([H])c([H])c(Cl)c(Cl)c1[H])P(=O)(O[H])O[H],CGKYBZFXVQNZBL-SFHVURJKSA-N,50437794,13000.0
170,50441194,[H]ON(C(=O)C([H])([H])C([H])([H])[C@@]([H])(c1c([H])c([H])c([H])c2c([H])c([H])c([H])c([H])c12)P(=O)(O[H])O[H])C([H])([H])[H],[H]ON(C(=O)C([H])([H])C([H])([H])C([H])(c1c([H])c([H])c([H])c2c([H])c([H])c([H])c([H])c12)P(=O)(O[H])O[H])C([H])([H])[H],GVYNITXGUQLLHI-AWEZNQCLSA-N,50441194,13000.0
171,50441192,[H]ON([H])C(=O)C([H])([H])C([H])([H])[C@@]([H])(c1c([H])c([H])c([H])c([H])c1[H])P(=O)(O[H])O[H],[H]ON([H])C(=O)C([H])([H])C([H])([H])C([H])(c1c([H])c([H])c([H])c([H])c1[H])P(=O)(O[H])O[H],AXSYMYWFEVETHK-VIFPVBQESA-N,50441192,14000.0
172,50422647,[H]ON(C(=O)C(F)(F)F)C([H])([H])C([H])([H])C([H])([H])P(=O)(O[H])O[H],[H]ON(C(=O)C(F)(F)F)C([H])([H])C([H])([H])C([H])([H])P(=O)(O[H])O[H],XSFPIPPKOYPIQE-UHFFFAOYSA-N,50422647,14125.0
173,50422672,[H]ON(C(=O)C([H])([H])N([H])C(=O)C([H])([H])c1c([H])c([H])c(OC([H])([H])[H])c(OC([H])([H])[H])c1[H])C([H])([H])C([H])([H])C([H])([H])P(=O)(O[H])O[H],[H]ON(C(=O)C([H])([H])N([H])C(=O)C([H])([H])c1c([H])c([H])c(OC([H])([H])[H])c(OC([H])([H])[H])c1[H])C([H])([H])C([H])([H])C([H])([H])P(=O)(O[H])O[H],ZBZVXYVGRZDLSD-UHFFFAOYSA-N,50422672,14125.0
174,50028363,[H]ON([H])C(=O)C([H])([H])C([H])([H])[C@@]([H])(c1c([H])c([H])c(OC([H])([H])[H])c([H])c1[H])P(=O)(O[H])O[H],[H]ON([H])C(=O)C([H])([H])C([H])([H])C([H])(c1c([H])c([H])c(OC([H])([H])[H])c([H])c1[H])P(=O)(O[H])O[H],AEDDLQQMYHWTLI-JTQLQIEISA-N,50028363,15000.0
175,50441201,[H]ON(C(=O)C([H])([H])O[C@]([H])(c1c([H])c([H])c([H])c2c([H])c([H])c([H])c([H])c12)P(=O)(O[H])O[H])C([H])([H])[H],[H]ON(C(=O)C([H])([H])OC([H])(c1c([H])c([H])c([H])c2c([H])c([H])c([H])c([H])c12)P(=O)(O[H])O[H])C([H])([H])[H],RZCGPVVICRPZKJ-AWEZNQCLSA-N,50441201,15000.0
176,50441207,[H]ON([H])C(=O)C([H])([H])S[C@@]([H])(c1c([H])c([H])c([H])c([H])c1[H])P(=O)(O[H])O[H],[H]ON([H])C(=O)C([H])([H])SC([H])(c1c([H])c([H])c([H])c([H])c1[H])P(=O)(O[H])O[H],IKUWJQAZPLAXHU-VIFPVBQESA-N,50441207,15000.0
177,50528591,[H]ON(C(=O)C([H])([H])S(=O)(=O)[C@]([H])(c1c([H])c([H])c([H])c2c([H])c([H])c([H])c([H])c12)P(=O)(O[H])O[H])C([H])([H])[H],[H]ON(C(=O)C([H])([H])S(=O)(=O)C([H])(c1c([H])c([H])c([H])c2c([H])c([H])c([H])c([H])c12)P(=O)(O[H])O[H])C([H])([H])[H],ZVESHGXETCATEP-CQSZACIVSA-N,50528591,15000.0
178,701278,COCOCOCOP(=O)(/C=C/CN(O)C=O)OCOCOCOC,COCOCOCOP(=O)(C=CCN(O)C=O)OCOCOCOC,ZFHQRCCUHAVXPR-HWKANZROSA-N,701278,15240.0
179,50422665,[H]ON(C(=O)C([H])([H])C([H])([H])N([H])[H])C([H])([H])C([H])([H])C([H])([H])P(=O)(O[H])O[H],[H]ON(C(=O)C([H])([H])C([H])([H])N([H])[H])C([H])([H])C([H])([H])C([H])([H])P(=O)(O[H])O[H],NPRVVDXQQZESLR-UHFFFAOYSA-N,50422665,15849.0
180,50422673,[H]ON(C(=O)C(=O)OC([H])([H])C([H])([H])[H])[C@@]1([H])C([H])([H])C([H])([H])[C@@]([H])(P(=O)(O[H])O[H])C1([H])[H],[H]ON(C(=O)C(=O)OC([H])([H])C([H])([H])[H])C1([H])C([H])([H])C([H])([H])C([H])(P(=O)(O[H])O[H])C1([H])[H],JYDYIVNHQSXVJE-NKWVEPMBSA-N,50422673,15849.0
181,50335494,[H]OP(=O)(O[H])C([H])([H])c1nc2c([H])c([H])c([H])c([H])c2c([H])c1[H],[H]OP(=O)(O[H])C([H])([H])c1nc2c([H])c([H])c([H])c([H])c2c([H])c1[H],SZCYKKWPKXABPU-UHFFFAOYSA-N,50335494,15900.0
182,50441204,[H]ON(C(=O)C([H])([H])O[C@]([H])(c1c([H])c([H])c([H])c([H])c1[H])P(=O)(O[H])O[H])C([H])([H])[H],[H]ON(C(=O)C([H])([H])OC([H])(c1c([H])c([H])c([H])c([H])c1[H])P(=O)(O[H])O[H])C([H])([H])[H],JAIZGFIPNLDIAR-JTQLQIEISA-N,50441204,16000.0
183,50422661,[H]ON([H])C(=O)C([H])([H])N([H])C([H])([H])P(=O)(O[H])O[H],[H]ON([H])C(=O)C([H])([H])N([H])C([H])([H])P(=O)(O[H])O[H],DSADRDIOOIRTOU-UHFFFAOYSA-N,50422661,16218.0
184,50422652,[H]ON(C(=O)C([H])([H])N([H])C(=O)C([H])([H])C([H])([H])C([H])([H])c1c([H])n([H])c2c([H])c([H])c([H])c([H])c12)C([H])([H])C([H])([H])C([H])([H])P(=O)(O[H])O[H],[H]ON(C(=O)C([H])([H])N([H])C(=O)C([H])([H])C([H])([H])C([H])([H])c1c([H])n([H])c2c([H])c([H])c([H])c([H])c12)C([H])([H])C([H])([H])C([H])([H])P(=O)(O[H])O[H],WPUOWEOYBGYCKS-UHFFFAOYSA-N,50422652,16982.0
