Molecula_N,id,isomeric_smiles,canonical_smiles,inchikey,BindingDB MonomerID,IC50_nM,SMILES_CLEAN
1,50028309,[H]ON(C([H])=O)C([H])([H])C([H])([H])C([H])([H])[P@](=O)([O-])O[H],[H]ON(C([H])=O)C([H])([H])C([H])([H])C([H])([H])P(=O)([O-])O[H],GJXWDTUCERCKIX-UHFFFAOYSA-M,50028309,8.0,O=CN(O)CCCP(=O)([O-])O
2,50441210,[H]ON(C(=O)C([H])([H])S[C@@]([H])(c1c([H])c([H])c(Cl)c(Cl)c1[H])P(=O)(O[H])O[H])C([H])([H])[H],[H]ON(C(=O)C([H])([H])SC([H])(c1c([H])c([H])c(Cl)c(Cl)c1[H])P(=O)(O[H])O[H])C([H])([H])[H],FCHGYCPRLYDAIK-JTQLQIEISA-N,50441210,9.2,CN(O)C(=O)CSC(c1ccc(Cl)c(Cl)c1)P(=O)(O)O
3,50528602,[H]ON([H])C(=O)C([H])([H])S[C@]([H])(c1c([H])c(F)c([H])c(F)c1[H])P(=O)(O[H])O[H],[H]ON([H])C(=O)C([H])([H])SC([H])(c1c([H])c(F)c([H])c(F)c1[H])P(=O)(O[H])O[H],CHWZNLZHQNRDMJ-SECBINFHSA-N,50528602,13.0,O=C(CSC(c1cc(F)cc(F)c1)P(=O)(O)O)NO
4,50528593,[H]ON(C(=O)C([H])([H])S[C@]([H])(c1c([H])c(F)c([H])c(F)c1[H])P(=O)(O[H])O[H])C([H])([H])[H],[H]ON(C(=O)C([H])([H])SC([H])(c1c([H])c(F)c([H])c(F)c1[H])P(=O)(O[H])O[H])C([H])([H])[H],IEOBWBKWPIZSFL-SNVBAGLBSA-N,50528593,18.0,CN(O)C(=O)CSC(c1cc(F)cc(F)c1)P(=O)(O)O
5,50153713,[H]ON(C([H])=O)C([H])([H])C([H])([H])C([H])([H])P(=O)(O[H])O[H],[H]ON(C([H])=O)C([H])([H])C([H])([H])C([H])([H])P(=O)(O[H])O[H],GJXWDTUCERCKIX-UHFFFAOYSA-N,50153713,20.0,O=CN(O)CCCP(=O)(O)O
6,50528598,[H]ON([H])C(=O)C([H])([H])S[C@]([H])(c1c([H])c([H])c(SC([H])([H])[H])c([H])c1[H])P(=O)(O[H])O[H],[H]ON([H])C(=O)C([H])([H])SC([H])(c1c([H])c([H])c(SC([H])([H])[H])c([H])c1[H])P(=O)(O[H])O[H],HTOYGFWFDNRLAI-SNVBAGLBSA-N,50528598,22.0,CSc1ccc(C(SCC(=O)NO)P(=O)(O)O)cc1
7,50181153,[H]ON(C(=O)C([H])([H])[H])C([H])([H])C([H])([H])C([H])([H])P(=O)(O[H])O[H],[H]ON(C(=O)C([H])([H])[H])C([H])([H])C([H])([H])C([H])([H])P(=O)(O[H])O[H],PKMNDDZSIHLLLI-UHFFFAOYSA-N,50181153,28.0,CC(=O)N(O)CCCP(=O)(O)O
16,50441211,[H]ON(C(=O)C([H])([H])S[C@@]([H])(c1c([H])c([H])c(F)c(F)c1[H])P(=O)(O[H])O[H])C([H])([H])[H],[H]ON(C(=O)C([H])([H])SC([H])(c1c([H])c([H])c(F)c(F)c1[H])P(=O)(O[H])O[H])C([H])([H])[H],OLMCJFHPDFCFTI-JTQLQIEISA-N,50441211,42.0,CN(O)C(=O)CSC(c1ccc(F)c(F)c1)P(=O)(O)O
18,50380000,[H]ON(C(=O)C([H])([H])C([H])([H])C([H])([H])P(=O)(O[H])O[H])C([H])([H])[H],[H]ON(C(=O)C([H])([H])C([H])([H])C([H])([H])P(=O)(O[H])O[H])C([H])([H])[H],OXDGJHZVDJQJCC-UHFFFAOYSA-N,50380000,48.0,CN(O)C(=O)CCCP(=O)(O)O
20,50185361,[H]ON(C(=O)C([H])([H])[H])C([H])([H])[C@]1([H])C([H])([H])[C@@]1([H])P(=O)(O[H])O[H],[H]ON(C(=O)C([H])([H])[H])C([H])([H])C1([H])C([H])([H])C1([H])P(=O)(O[H])O[H],LUPJKMGSDFIKFE-NTSWFWBYSA-N,50185361,50.0,CC(=O)N(O)CC1CC1P(=O)(O)O
21,50422669,[H]ON(C(=O)C([H])([H])[H])C([H])([H])C([H])([H])[C@@]([H])(C([H])([H])[H])P(=O)(O[H])O[H],[H]ON(C(=O)C([H])([H])[H])C([H])([H])C([H])([H])C([H])(C([H])([H])[H])P(=O)(O[H])O[H],DKQIVUFJEDPLFP-RXMQYKEDSA-N,50422669,54.0,CC(=O)N(O)CCC(C)P(=O)(O)O
23,50181154,[H]ON(C([H])=O)C([H])([H])C([H])([H])[C@]([H])(c1c([H])c([H])c(Cl)c(Cl)c1[H])P(=O)(O[H])O[H],[H]ON(C([H])=O)C([H])([H])C([H])([H])C([H])(c1c([H])c([H])c(Cl)c(Cl)c1[H])P(=O)(O[H])O[H],AJGPMMOCRYQLNY-SNVBAGLBSA-N,50181154,59.0,O=CN(O)CCC(c1ccc(Cl)c(Cl)c1)P(=O)(O)O
25,50422650,[H]ON(C(=O)C([H])([H])[H])C([H])([H])/C([H])=C(\[H])P(=O)(O[H])O[H],[H]ON(C(=O)C([H])([H])[H])C([H])([H])C([H])=C([H])P(=O)(O[H])O[H],LJCWFOKLHHHANO-DUXPYHPUSA-N,50422650,65.0,CC(=O)N(O)CC=CP(=O)(O)O
26,50028362,[H]ON(C(=O)C([H])([H])C([H])([H])[C@@]([H])(c1c([H])c([H])c(OC([H])([H])[H])c([H])c1[H])P(=O)(O[H])O[H])C([H])([H])[H],[H]ON(C(=O)C([H])([H])C([H])([H])C([H])(c1c([H])c([H])c(OC([H])([H])[H])c([H])c1[H])P(=O)(O[H])O[H])C([H])([H])[H],VLBYPFQOJHBTHH-NSHDSACASA-N,50028362,70.0,COc1ccc(C(CCC(=O)N(C)O)P(=O)(O)O)cc1
33,50181152,[H]ON(C(=O)C([H])([H])[H])C([H])([H])C([H])([H])[C@]([H])(c1c([H])c([H])c(Cl)c([H])c1[H])P(=O)(O[H])O[H],[H]ON(C(=O)C([H])([H])[H])C([H])([H])C([H])([H])C([H])(c1c([H])c([H])c(Cl)c([H])c1[H])P(=O)(O[H])O[H],JEFTWBFKKFDIAA-LLVKDONJSA-N,50181152,99.0,CC(=O)N(O)CCC(c1ccc(Cl)cc1)P(=O)(O)O
35,50422666,[H]ON(C(=O)c1c([H])c([H])c([H])c([H])c1[H])C([H])([H])C([H])([H])C([H])([H])P(=O)(O[H])O[H],[H]ON(C(=O)c1c([H])c([H])c([H])c([H])c1[H])C([H])([H])C([H])([H])C([H])([H])P(=O)(O[H])O[H],IIWMVQGECOWGCK-UHFFFAOYSA-N,50422666,100.0,O=C(c1ccccc1)N(O)CCCP(=O)(O)O
37,50441208,[H]ON(C(=O)C([H])([H])S[C@@]([H])(c1c([H])c([H])c(C([H])([H])[H])c([H])c1[H])P(=O)(O[H])O[H])C([H])([H])[H],[H]ON(C(=O)C([H])([H])SC([H])(c1c([H])c([H])c(C([H])([H])[H])c([H])c1[H])P(=O)(O[H])O[H])C([H])([H])[H],YZELONIJQXNWSP-NSHDSACASA-N,50441208,110.0,Cc1ccc(C(SCC(=O)N(C)O)P(=O)(O)O)cc1
39,50181148,[H]ON(C(=O)C([H])([H])[H])C([H])([H])C([H])([H])[C@]([H])(c1c([H])c([H])c(Cl)c(Cl)c1[H])P(=O)(O[H])O[H],[H]ON(C(=O)C([H])([H])[H])C([H])([H])C([H])([H])C([H])(c1c([H])c([H])c(Cl)c(Cl)c1[H])P(=O)(O[H])O[H],ABGCTQYLJZGMBM-LLVKDONJSA-N,50181148,119.0,CC(=O)N(O)CCC(c1ccc(Cl)c(Cl)c1)P(=O)(O)O
41,50441189,[H]ON(C(=O)C([H])([H])S[C@@]([H])(c1c([H])c([H])c([H])c([H])c1[H])P(=O)(O[H])O[H])C([H])([H])[H],[H]ON(C(=O)C([H])([H])SC([H])(c1c([H])c([H])c([H])c([H])c1[H])P(=O)(O[H])O[H])C([H])([H])[H],IWQBQVIYTMIQRL-JTQLQIEISA-N,50441189,120.0,CN(O)C(=O)CSC(c1ccccc1)P(=O)(O)O
42,50437793,[H]ON(C(=O)c1c([H])c([H])c([H])c(C([H])([H])n2nc([H])nc2[H])c1[H])C([H])([H])C([H])([H])[C@@]([H])(c1c([H])c([H])c(Cl)c(Cl)c1[H])P(=O)(O[H])O[H],[H]ON(C(=O)c1c([H])c([H])c([H])c(C([H])([H])n2nc([H])nc2[H])c1[H])C([H])([H])C([H])([H])C([H])(c1c([H])c([H])c(Cl)c(Cl)c1[H])P(=O)(O[H])O[H],YQKYQGUPTJPWBR-SFHVURJKSA-N,50437793,140.0,O=C(c1cccc(Cn2cncn2)c1)N(O)CCC(c1ccc(Cl)c(Cl)c1)P(=O)(O)O
43,50028363,[H]ON([H])C(=O)C([H])([H])C([H])([H])[C@@]([H])(c1c([H])c([H])c(OC([H])([H])[H])c([H])c1[H])P(=O)(O[H])O[H],[H]ON([H])C(=O)C([H])([H])C([H])([H])C([H])(c1c([H])c([H])c(OC([H])([H])[H])c([H])c1[H])P(=O)(O[H])O[H],AEDDLQQMYHWTLI-JTQLQIEISA-N,50028363,140.0,COc1ccc(C(CCC(=O)NO)P(=O)(O)O)cc1
44,50181150,[H]ON(C([H])=O)C([H])([H])C([H])([H])[C@]([H])(c1c([H])c([H])c(OC([H])([H])[H])c([H])c1[H])P(=O)(O[H])O[H],[H]ON(C([H])=O)C([H])([H])C([H])([H])C([H])(c1c([H])c([H])c(OC([H])([H])[H])c([H])c1[H])P(=O)(O[H])O[H],KBQCOUQEQCYLJS-LLVKDONJSA-N,50181150,156.0,COc1ccc(C(CCN(O)C=O)P(=O)(O)O)cc1
48,50528597,[H]ON(C(=O)C([H])([H])S[C@]([H])(c1c([H])c(OC([H])([H])[H])c([H])c(OC([H])([H])[H])c1[H])P(=O)(O[H])O[H])C([H])([H])[H],[H]ON(C(=O)C([H])([H])SC([H])(c1c([H])c(OC([H])([H])[H])c([H])c(OC([H])([H])[H])c1[H])P(=O)(O[H])O[H])C([H])([H])[H],RVEBSJDQWSFUER-GFCCVEGCSA-N,50528597,160.0,COc1cc(OC)cc(C(SCC(=O)N(C)O)P(=O)(O)O)c1
50,50379999,[H]ON([H])C(=O)C([H])([H])C([H])([H])C([H])([H])P(=O)(O[H])O[H],[H]ON([H])C(=O)C([H])([H])C([H])([H])C([H])([H])P(=O)(O[H])O[H],AKXSFRVADDCWTF-UHFFFAOYSA-N,50379999,170.0,O=C(CCCP(=O)(O)O)NO
51,50459310,[H]ON(C([H])=O)C([H])([H])/C([H])=C(\[H])[P@@](=O)([O-])O[H],[H]ON(C([H])=O)C([H])([H])C([H])=C([H])P(=O)([O-])O[H],YTTBDWKRMPYBDN-HNQUOIGGSA-M,50459310,170.0,O=CN(O)CC=CP(=O)([O-])O
52,50422656,[H]ON(C(=O)C([H])(Cl)Cl)C([H])([H])C([H])([H])C([H])([H])P(=O)(O[H])O[H],[H]ON(C(=O)C([H])(Cl)Cl)C([H])([H])C([H])([H])C([H])([H])P(=O)(O[H])O[H],KMYGXVTWNPXOEZ-UHFFFAOYSA-N,50422656,178.0,O=C(C(Cl)Cl)N(O)CCCP(=O)(O)O
53,50081647,[H]ON(C(=O)C([H])([H])[C@]([H])(C([H])([H])[H])C([H])([H])P(=O)(O[H])O[H])C([H])([H])[H],[H]ON(C(=O)C([H])([H])C([H])(C([H])([H])[H])C([H])([H])P(=O)(O[H])O[H])C([H])([H])[H],ACPXIHKQSXLCRP-YFKPBYRVSA-N,50081647,205.0,CC(CC(=O)N(C)O)CP(=O)(O)O
56,50422651,[H]ON(C(=O)c1c([H])c([H])c([H])c2c([H])c([H])c([H])c([H])c12)C([H])([H])C([H])([H])C([H])([H])P(=O)(O[H])O[H],[H]ON(C(=O)c1c([H])c([H])c([H])c2c([H])c([H])c([H])c([H])c12)C([H])([H])C([H])([H])C([H])([H])P(=O)(O[H])O[H],GQEOAWGCRFYWAA-UHFFFAOYSA-N,50422651,229.0,O=C(c1cccc2ccccc12)N(O)CCCP(=O)(O)O
60,50441195,[H]ON(C(=O)C([H])([H])C([H])([H])[C@@]([H])(c1c([H])c([H])c(Cl)c(Cl)c1[H])P(=O)(O[H])O[H])C([H])([H])[H],[H]ON(C(=O)C([H])([H])C([H])([H])C([H])(c1c([H])c([H])c(Cl)c(Cl)c1[H])P(=O)(O[H])O[H])C([H])([H])[H],UKTXVNQTYFYHAO-JTQLQIEISA-N,50441195,280.0,CN(O)C(=O)CCC(c1ccc(Cl)c(Cl)c1)P(=O)(O)O
62,50181147,[H]ON(C(=O)C([H])([H])[H])C([H])([H])C([H])([H])[C@]([H])(c1c([H])c([H])c([H])c([H])c1[H])P(=O)(O[H])O[H],[H]ON(C(=O)C([H])([H])[H])C([H])([H])C([H])([H])C([H])(c1c([H])c([H])c([H])c([H])c1[H])P(=O)(O[H])O[H],DTLBAEVDNCUSMB-LLVKDONJSA-N,50181147,282.0,CC(=O)N(O)CCC(c1ccccc1)P(=O)(O)O
63,50441193,[H]ON(C(=O)C([H])([H])C([H])([H])[C@]([H])(c1c([H])c([H])c(C([H])([H])[H])c([H])c1[H])P(=O)(O[H])O[H])C([H])([H])[H],[H]ON(C(=O)C([H])([H])C([H])([H])C([H])(c1c([H])c([H])c(C([H])([H])[H])c([H])c1[H])P(=O)(O[H])O[H])C([H])([H])[H],YBVPWURHYFIQDS-LLVKDONJSA-N,50441193,290.0,Cc1ccc(C(CCC(=O)N(C)O)P(=O)(O)O)cc1
64,50528590,[H]ON([H])C(=O)C([H])([H])S[C@]([H])(c1c([H])c([H])c(C([H])([H])[H])c([H])c1[H])P(=O)(O[H])O[H],[H]ON([H])C(=O)C([H])([H])SC([H])(c1c([H])c([H])c(C([H])([H])[H])c([H])c1[H])P(=O)(O[H])O[H],FBMPGIWVPZIABL-SNVBAGLBSA-N,50528590,290.0,Cc1ccc(C(SCC(=O)NO)P(=O)(O)O)cc1
67,50185363,[H]ON(C([H])=O)C([H])([H])[C@]1([H])C([H])([H])[C@@]1([H])P(=O)(O[H])O[H],[H]ON(C([H])=O)C([H])([H])C1([H])C([H])([H])C1([H])P(=O)(O[H])O[H],UQUOLLQTLQTTFU-CRCLSJGQSA-N,50185363,313.0,O=CN(O)CC1CC1P(=O)(O)O
68,50437797,[H]ON(C(=O)c1c([H])c([H])c([H])c([H])c1[H])C([H])([H])C([H])([H])[C@@]([H])(c1c([H])c([H])c(Cl)c(Cl)c1[H])P(=O)(O[H])O[H],[H]ON(C(=O)c1c([H])c([H])c([H])c([H])c1[H])C([H])([H])C([H])([H])C([H])(c1c([H])c([H])c(Cl)c(Cl)c1[H])P(=O)(O[H])O[H],ZQCVCGYWPNFEAH-HNNXBMFYSA-N,50437797,320.0,O=C(c1ccccc1)N(O)CCC(c1ccc(Cl)c(Cl)c1)P(=O)(O)O
69,50028364,[H]ON(C(=O)C([H])([H])C([H])([H])[C@@]([H])(c1c([H])c([H])c(OC([H])([H])[H])c(OC([H])([H])[H])c1[H])P(=O)(O[H])O[H])C([H])([H])[H],[H]ON(C(=O)C([H])([H])C([H])([H])C([H])(c1c([H])c([H])c(OC([H])([H])[H])c(OC([H])([H])[H])c1[H])P(=O)(O[H])O[H])C([H])([H])[H],MTKVPWZBCNHJJD-LBPRGKRZSA-N,50028364,320.0,COc1ccc(C(CCC(=O)N(C)O)P(=O)(O)O)cc1OC
73,50459311,[H]ON(C(=O)C([H])([H])[H])C([H])([H])C([H])([H])C([H])([H])[P@](=O)([O-])O[H],[H]ON(C(=O)C([H])([H])[H])C([H])([H])C([H])([H])C([H])([H])P(=O)([O-])O[H],PKMNDDZSIHLLLI-UHFFFAOYSA-M,50459311,360.0,CC(=O)N(O)CCCP(=O)([O-])O
74,50181149,[H]ON(C(=O)C([H])([H])[H])C([H])([H])C([H])([H])[C@]([H])(c1c([H])c([H])c(C([H])([H])[H])c([H])c1[H])P(=O)(O[H])O[H],[H]ON(C(=O)C([H])([H])[H])C([H])([H])C([H])([H])C([H])(c1c([H])c([H])c(C([H])([H])[H])c([H])c1[H])P(=O)(O[H])O[H],FNAXXVYOCPGAEJ-GFCCVEGCSA-N,50181149,396.0,CC(=O)N(O)CCC(c1ccc(C)cc1)P(=O)(O)O
80,50028373,[H]ON(C(=O)C([H])([H])O[C@@]([H])(c1c([H])c([H])c(OC([H])([H])[H])c([H])c1[H])P(=O)(O[H])O[H])C([H])([H])[H],[H]ON(C(=O)C([H])([H])OC([H])(c1c([H])c([H])c(OC([H])([H])[H])c([H])c1[H])P(=O)(O[H])O[H])C([H])([H])[H],LUULKKFHGAQKEF-LLVKDONJSA-N,50028373,450.0,COc1ccc(C(OCC(=O)N(C)O)P(=O)(O)O)cc1
81,50181151,[H]ON(C(=O)C([H])([H])[H])C([H])([H])C([H])([H])[C@]([H])(c1c([H])c([H])c(OC([H])([H])[H])c([H])c1[H])P(=O)(O[H])O[H],[H]ON(C(=O)C([H])([H])[H])C([H])([H])C([H])([H])C([H])(c1c([H])c([H])c(OC([H])([H])[H])c([H])c1[H])P(=O)(O[H])O[H],WKYGVTJLHPMWIU-GFCCVEGCSA-N,50181151,459.0,COc1ccc(C(CCN(O)C(C)=O)P(=O)(O)O)cc1
84,50441209,[H]ON(C(=O)C([H])([H])S[C@@]([H])(c1c([H])c([H])c([H])c2c([H])c([H])c([H])c([H])c12)P(=O)(O[H])O[H])C([H])([H])[H],[H]ON(C(=O)C([H])([H])SC([H])(c1c([H])c([H])c([H])c2c([H])c([H])c([H])c([H])c12)P(=O)(O[H])O[H])C([H])([H])[H],RWUHAWVQQUMWLS-AWEZNQCLSA-N,50441209,550.0,CN(O)C(=O)CSC(c1cccc2ccccc12)P(=O)(O)O
85,50422677,[H]ON(C(=O)C([H])([H])[H])C([H])([H])[C@@]([H])(C([H])([H])[H])C([H])([H])P(=O)(O[H])O[H],[H]ON(C(=O)C([H])([H])[H])C([H])([H])C([H])(C([H])([H])[H])C([H])([H])P(=O)(O[H])O[H],IHWCDDPJHBMTAV-RXMQYKEDSA-N,50422677,646.0,CC(=O)N(O)CC(C)CP(=O)(O)O
87,50528603,[H]ON([H])C(=O)C([H])([H])S[C@]([H])(c1c([H])c(OC([H])([H])[H])c([H])c(OC([H])([H])[H])c1[H])P(=O)(O[H])O[H],[H]ON([H])C(=O)C([H])([H])SC([H])(c1c([H])c(OC([H])([H])[H])c([H])c(OC([H])([H])[H])c1[H])P(=O)(O[H])O[H],XGGBDHVHUYHYBD-LLVKDONJSA-N,50528603,680.0,COc1cc(OC)cc(C(SCC(=O)NO)P(=O)(O)O)c1
88,50028310,[H]ON([H])C(=O)C([H])([H])C([H])([H])[C@@]([H])(c1c([H])c([H])c(C([H])([H])[H])c([H])c1[H])P(=O)(O[H])O[H],[H]ON([H])C(=O)C([H])([H])C([H])([H])C([H])(c1c([H])c([H])c(C([H])([H])[H])c([H])c1[H])P(=O)(O[H])O[H],SCBADMOVHOXNEN-JTQLQIEISA-N,50028310,700.0,Cc1ccc(C(CCC(=O)NO)P(=O)(O)O)cc1
89,50422674,[H]ON(C(=O)C([H])([H])[H])C([H])([H])C([H])([H])[C@@]([H])(C([H])([H])C([H])([H])[H])P(=O)(O[H])O[H],[H]ON(C(=O)C([H])([H])[H])C([H])([H])C([H])([H])C([H])(C([H])([H])C([H])([H])[H])P(=O)(O[H])O[H],VRKRIEKURSYLLU-SSDOTTSWSA-N,50422674,708.0,CCC(CCN(O)C(C)=O)P(=O)(O)O
90,50441205,[H]ON([H])C(=O)C([H])([H])S[C@@]([H])(c1c([H])c([H])c(Cl)c(Cl)c1[H])P(=O)(O[H])O[H],[H]ON([H])C(=O)C([H])([H])SC([H])(c1c([H])c([H])c(Cl)c(Cl)c1[H])P(=O)(O[H])O[H],MMODIMKCMBCKCF-VIFPVBQESA-N,50441205,720.0,O=C(CSC(c1ccc(Cl)c(Cl)c1)P(=O)(O)O)NO
91,50441196,[H]ON(C(=O)C([H])([H])C([H])([H])[C@@]([H])(c1c([H])c([H])c(F)c(F)c1[H])P(=O)(O[H])O[H])C([H])([H])[H],[H]ON(C(=O)C([H])([H])C([H])([H])C([H])(c1c([H])c([H])c(F)c(F)c1[H])P(=O)(O[H])O[H])C([H])([H])[H],IZWIBRNXHRUNKD-JTQLQIEISA-N,50441196,770.0,CN(O)C(=O)CCC(c1ccc(F)c(F)c1)P(=O)(O)O
92,50437803,[H]ON(C(=O)c1c([H])c([H])c([H])c([H])c1C([H])([H])[H])C([H])([H])C([H])([H])[C@@]([H])(c1c([H])c([H])c(Cl)c(Cl)c1[H])P(=O)(O[H])O[H],[H]ON(C(=O)c1c([H])c([H])c([H])c([H])c1C([H])([H])[H])C([H])([H])C([H])([H])C([H])(c1c([H])c([H])c(Cl)c(Cl)c1[H])P(=O)(O[H])O[H],RHTCGYHBCJAMDN-INIZCTEOSA-N,50437803,830.0,Cc1ccccc1C(=O)N(O)CCC(c1ccc(Cl)c(Cl)c1)P(=O)(O)O
93,50335493,[H]OP(=O)(O[H])C([H])([H])c1nc([H])c(-c2c([H])c([H])c([H])c([H])c2[H])c([H])c1[H],[H]OP(=O)(O[H])C([H])([H])c1nc([H])c(-c2c([H])c([H])c([H])c([H])c2[H])c([H])c1[H],JTYLHYFDHHMHKD-UHFFFAOYSA-N,50335493,840.0,O=P(O)(O)Cc1ccc(-c2ccccc2)cn1
94,50081649,[H]ON(C(=O)C([H])([H])[C@]([H])(C([H])([H])C([H])([H])C([H])([H])c1c([H])c([H])c([H])c([H])c1[H])C([H])([H])[P@](=O)([O-])O[H])C([H])([H])[H],[H]ON(C(=O)C([H])([H])C([H])(C([H])([H])C([H])([H])C([H])([H])c1c([H])c([H])c([H])c([H])c1[H])C([H])([H])P(=O)([O-])O[H])C([H])([H])[H],YKRNADVNYIPUET-ZDUSSCGKSA-M,50081649,843.0,CN(O)C(=O)CC(CCCc1ccccc1)CP(=O)([O-])O
95,50422649,[H]ON(C(=O)C([H])([H])N([H])C(=O)C([H])([H])C([H])([H])C([H])([H])Oc1c([H])c([H])c([H])c([H])c1[H])C([H])([H])C([H])([H])C([H])([H])P(=O)(O[H])O[H],[H]ON(C(=O)C([H])([H])N([H])C(=O)C([H])([H])C([H])([H])C([H])([H])Oc1c([H])c([H])c([H])c([H])c1[H])C([H])([H])C([H])([H])C([H])([H])P(=O)(O[H])O[H],XVWSGEIMEATWFE-UHFFFAOYSA-N,50422649,1000.0,O=C(CCCOc1ccccc1)NCC(=O)N(O)CCCP(=O)(O)O
97,50445564,[H]ON(C(=O)C([H])([H])[H])C([H])([H])/C([H])=C(\[H])[P@](=O)([O-])O[H],[H]ON(C(=O)C([H])([H])[H])C([H])([H])C([H])=C([H])P(=O)([O-])O[H],LJCWFOKLHHHANO-DUXPYHPUSA-M,50445564,1070.0,CC(=O)N(O)CC=CP(=O)([O-])O
99,50437792,[H]ON(C(=O)c1c([H])c([H])c(C([H])([H])n2nc([H])nc2[H])c([H])c1[H])C([H])([H])C([H])([H])[C@@]([H])(c1c([H])c([H])c(Cl)c(Cl)c1[H])P(=O)(O[H])O[H],[H]ON(C(=O)c1c([H])c([H])c(C([H])([H])n2nc([H])nc2[H])c([H])c1[H])C([H])([H])C([H])([H])C([H])(c1c([H])c([H])c(Cl)c(Cl)c1[H])P(=O)(O[H])O[H],MTKONNCMIPCZJN-SFHVURJKSA-N,50437792,1200.0,O=C(c1ccc(Cn2cncn2)cc1)N(O)CCC(c1ccc(Cl)c(Cl)c1)P(=O)(O)O
100,50335486,[H]On1c([H])c(-c2c([H])c([H])c([H])c([H])c2[H])c([H])c([H])c1=O,[H]On1c([H])c(-c2c([H])c([H])c([H])c([H])c2[H])c([H])c([H])c1=O,ISVJDQZSLLHGNB-UHFFFAOYSA-N,50335486,1400.0,O=c1ccc(-c2ccccc2)cn1O
102,15236,[H]Oc1c([H])c(-c2oc3c([H])c(O[H])c([H])c(O[H])c3c(=O)c2O[H])c([H])c(O[H])c1O[H],[H]Oc1c([H])c(-c2oc3c([H])c(O[H])c([H])c(O[H])c3c(=O)c2O[H])c([H])c(O[H])c1O[H],IKMDFBPHZNJCSN-UHFFFAOYSA-N,15236,1500.0,O=c1c(O)c(-c2cc(O)c(O)c(O)c2)oc2cc(O)cc(O)c12
103,50028371,[H]ON([H])C(=O)C([H])([H])C([H])([H])[C@@]([H])(c1c([H])c([H])c(OC([H])([H])[H])c(OC([H])([H])[H])c1[H])P(=O)(O[H])O[H],[H]ON([H])C(=O)C([H])([H])C([H])([H])C([H])(c1c([H])c([H])c(OC([H])([H])[H])c(OC([H])([H])[H])c1[H])P(=O)(O[H])O[H],KGPOFMWTMOJKJA-NSHDSACASA-N,50028371,1500.0,COc1ccc(C(CCC(=O)NO)P(=O)(O)O)cc1OC
104,50437806,[H]ON(C(=O)c1c([H])nc([H])c([H])c1[H])C([H])([H])C([H])([H])C([H])([H])P(=O)(O[H])O[H],[H]ON(C(=O)c1c([H])nc([H])c([H])c1[H])C([H])([H])C([H])([H])C([H])([H])P(=O)(O[H])O[H],YEEGIHBEADGRCT-UHFFFAOYSA-N,50437806,1600.0,O=C(c1cccnc1)N(O)CCCP(=O)(O)O
105,50441202,[H]ON(C(=O)C([H])([H])O[C@]([H])(c1c([H])c([H])c(Cl)c(Cl)c1[H])P(=O)(O[H])O[H])C([H])([H])[H],[H]ON(C(=O)C([H])([H])OC([H])(c1c([H])c([H])c(Cl)c(Cl)c1[H])P(=O)(O[H])O[H])C([H])([H])[H],BNXJAJGNFMLKQG-JTQLQIEISA-N,50441202,1600.0,CN(O)C(=O)COC(c1ccc(Cl)c(Cl)c1)P(=O)(O)O
107,50422662,[H]ON(C(=O)C([H])([H])C([H])([H])C([H])([H])C([H])([H])C([H])([H])C([H])([H])C([H])([H])[H])C([H])([H])C([H])([H])C([H])([H])P(=O)(O[H])O[H],[H]ON(C(=O)C([H])([H])C([H])([H])C([H])([H])C([H])([H])C([H])([H])C([H])([H])C([H])([H])[H])C([H])([H])C([H])([H])C([H])([H])P(=O)(O[H])O[H],GWBDABZSDWGHSK-UHFFFAOYSA-N,50422662,1698.0,CCCCCCCC(=O)N(O)CCCP(=O)(O)O
108,50441206,[H]ON([H])C(=O)C([H])([H])S[C@@]([H])(c1c([H])c([H])c(F)c(F)c1[H])P(=O)(O[H])O[H],[H]ON([H])C(=O)C([H])([H])SC([H])(c1c([H])c([H])c(F)c(F)c1[H])P(=O)(O[H])O[H],NRYOYJDZCNIYIA-VIFPVBQESA-N,50441206,1700.0,O=C(CSC(c1ccc(F)c(F)c1)P(=O)(O)O)NO
109,50422663,[H]ON(C([H])=O)C([H])([H])C([H])([H])[C@@]([H])(C([H])([H])C([H])([H])[H])P(=O)(O[H])O[H],[H]ON(C([H])=O)C([H])([H])C([H])([H])C([H])(C([H])([H])C([H])([H])[H])P(=O)(O[H])O[H],JCVSPWKNRTXJHO-ZCFIWIBFSA-N,50422663,1778.0,CCC(CCN(O)C=O)P(=O)(O)O
112,50422641,[H]Oc1c([H])c([H])c([H])c([H])c1C(=O)N(O[H])C([H])([H])C([H])([H])C([H])([H])P(=O)(O[H])O[H],[H]Oc1c([H])c([H])c([H])c([H])c1C(=O)N(O[H])C([H])([H])C([H])([H])C([H])([H])P(=O)(O[H])O[H],OQQWYIHQDYABED-UHFFFAOYSA-N,50422641,1820.0,O=C(c1ccccc1O)N(O)CCCP(=O)(O)O
113,50422653,[H]ON([H])C(=O)C([H])([H])N(C([H])([H])c1c([H])c([H])c([H])c([H])c1[H])C([H])([H])P(=O)(O[H])O[H],[H]ON([H])C(=O)C([H])([H])N(C([H])([H])c1c([H])c([H])c([H])c([H])c1[H])C([H])([H])P(=O)(O[H])O[H],QIRZEGHSNYORGB-UHFFFAOYSA-N,50422653,1820.0,O=C(CN(Cc1ccccc1)CP(=O)(O)O)NO
114,7460,[H]Oc1c([H])c([H])c(-c2oc3c([H])c(O[H])c([H])c(O[H])c3c(=O)c2O[H])c([H])c1O[H],[H]Oc1c([H])c([H])c(-c2oc3c([H])c(O[H])c([H])c(O[H])c3c(=O)c2O[H])c([H])c1O[H],REFJWTPEDVJJIY-UHFFFAOYSA-N,7460,1900.0,O=c1c(O)c(-c2ccc(O)c(O)c2)oc2cc(O)cc(O)c12
115,50437804,[H]ON(C(=O)c1c([H])c([H])c2c([H])c([H])c([H])c([H])c2c1[H])C([H])([H])C([H])([H])C([H])([H])P(=O)(O[H])O[H],[H]ON(C(=O)c1c([H])c([H])c2c([H])c([H])c([H])c([H])c2c1[H])C([H])([H])C([H])([H])C([H])([H])P(=O)(O[H])O[H],CVMPGCYASBHOSC-UHFFFAOYSA-N,50437804,2000.0,O=C(c1ccc2ccccc2c1)N(O)CCCP(=O)(O)O
118,50441197,[H]ON(C(=O)C([H])([H])C([H])([H])[C@]([H])(c1c([H])c([H])c([H])c([H])c1[H])P(=O)(O[H])O[H])C([H])([H])[H],[H]ON(C(=O)C([H])([H])C([H])([H])C([H])(c1c([H])c([H])c([H])c([H])c1[H])P(=O)(O[H])O[H])C([H])([H])[H],IVXUMQUJFAYDTH-SNVBAGLBSA-N,50441197,2000.0,CN(O)C(=O)CCC(c1ccccc1)P(=O)(O)O
119,50009001,[H]Oc1c(O[H])c(O[H])c2c(=O)c([H])c(-c3c([H])c([H])c([H])c([H])c3[H])oc2c1[H],[H]Oc1c(O[H])c(O[H])c2c(=O)c([H])c(-c3c([H])c([H])c([H])c([H])c3[H])oc2c1[H],FXNFHKRTJBSTCS-UHFFFAOYSA-N,50009001,2200.0,O=c1cc(-c2ccccc2)oc2cc(O)c(O)c(O)c12
120,50422646,[H]ON(C(=O)C([H])([H])[H])[C@@]1([H])C([H])([H])C([H])([H])[C@@]([H])(P(=O)(O[H])O[H])C1([H])[H],[H]ON(C(=O)C([H])([H])[H])C1([H])C([H])([H])C([H])([H])C([H])(P(=O)(O[H])O[H])C1([H])[H],BVFGMYZIZBWGSZ-NKWVEPMBSA-N,50422646,2344.0,CC(=O)N(O)C1CCC(P(=O)(O)O)C1
122,50422645,[H]ON(C(=O)c1c([H])c([H])c(-c2c([H])c([H])c([H])c([H])c2[H])c([H])c1[H])C([H])([H])C([H])([H])C([H])([H])P(=O)(O[H])O[H],[H]ON(C(=O)c1c([H])c([H])c(-c2c([H])c([H])c([H])c([H])c2[H])c([H])c1[H])C([H])([H])C([H])([H])C([H])([H])P(=O)(O[H])O[H],GPQHBCCFQBXMAZ-UHFFFAOYSA-N,50422645,2399.0,O=C(c1ccc(-c2ccccc2)cc1)N(O)CCCP(=O)(O)O
124,50185362,[H]ON(C(=O)C([H])([H])C([H])([H])[H])C([H])([H])[C@]1([H])C([H])([H])[C@@]1([H])P(=O)(O[H])O[H],[H]ON(C(=O)C([H])([H])C([H])([H])[H])C([H])([H])C1([H])C([H])([H])C1([H])P(=O)(O[H])O[H],HHEIMEHJOWXXGX-NTSWFWBYSA-N,50185362,3000.0,CCC(=O)N(O)CC1CC1P(=O)(O)O
125,50044976,[H]OC(=O)C([H])([H])N1C(=O)/C(=C(\[H])c2c([H])c([H])c(O[H])c(O[H])c2[H])SC1=S,[H]OC(=O)C([H])([H])N1C(=O)C(=C([H])c2c([H])c([H])c(O[H])c(O[H])c2[H])SC1=S,MNPZQUQRMCXSTL-WTKPLQERSA-N,50044976,3100.0,O=C(O)CN1C(=O)C(=Cc2ccc(O)c(O)c2)SC1=S
126,50044967,[H]Oc1c([H])c([H])c(/C([H])=C2\SC(=S)N(C([H])([H])C(=O)N([H])c3c([H])c([H])c(Oc4c([H])c([H])c(Cl)c([H])c4[H])c([H])c3[H])C2=O)c([H])c1O[H],[H]Oc1c([H])c([H])c(C([H])=C2SC(=S)N(C([H])([H])C(=O)N([H])c3c([H])c([H])c(Oc4c([H])c([H])c(Cl)c([H])c4[H])c([H])c3[H])C2=O)c([H])c1O[H],ZFXMQLUPFQGBOL-MTJSOVHGSA-N,50044967,3200.0,O=C(CN1C(=O)C(=Cc2ccc(O)c(O)c2)SC1=S)Nc1ccc(Oc2ccc(Cl)cc2)cc1
127,50044973,[H]Oc1c([H])c([H])c([H])c(/C([H])=C2\SC(=S)N(C([H])([H])C(=O)N([H])c3c([H])c([H])c(Oc4c([H])c([H])c(Cl)c([H])c4[H])c([H])c3[H])C2=O)c1O[H],[H]Oc1c([H])c([H])c([H])c(C([H])=C2SC(=S)N(C([H])([H])C(=O)N([H])c3c([H])c([H])c(Oc4c([H])c([H])c(Cl)c([H])c4[H])c([H])c3[H])C2=O)c1O[H],DHOBLLZJXRUGFB-NDENLUEZSA-N,50044973,3300.0,O=C(CN1C(=O)C(=Cc2cccc(O)c2O)SC1=S)Nc1ccc(Oc2ccc(Cl)cc2)cc1
129,7459,[H]Oc1c([H])c([H])c(-c2oc3c([H])c(O[H])c([H])c(O[H])c3c(=O)c2[H])c([H])c1O[H],[H]Oc1c([H])c([H])c(-c2oc3c([H])c(O[H])c([H])c(O[H])c3c(=O)c2[H])c([H])c1O[H],IQPNAANSBPBGFQ-UHFFFAOYSA-N,7459,3400.0,O=c1cc(-c2ccc(O)c(O)c2)oc2cc(O)cc(O)c12
130,50441191,[H]ON([H])C(=O)C([H])([H])C([H])([H])[C@@]([H])(c1c([H])c([H])c(F)c(F)c1[H])P(=O)(O[H])O[H],[H]ON([H])C(=O)C([H])([H])C([H])([H])C([H])(c1c([H])c([H])c(F)c(F)c1[H])P(=O)(O[H])O[H],WIEOHPNCBSMHIO-VIFPVBQESA-N,50441191,3400.0,O=C(CCC(c1ccc(F)c(F)c1)P(=O)(O)O)NO
131,7457,[H]Oc1c([H])c([H])c(-c2oc3c([H])c(O[H])c([H])c([H])c3c(=O)c2O[H])c([H])c1O[H],[H]Oc1c([H])c([H])c(-c2oc3c([H])c(O[H])c([H])c([H])c3c(=O)c2O[H])c([H])c1O[H],XHEFDIBZLJXQHF-UHFFFAOYSA-N,7457,3500.0,O=c1c(O)c(-c2ccc(O)c(O)c2)oc2cc(O)ccc12
132,50437805,[H]ON(C(=O)c1c([H])nc([H])c(C(=O)N([H])[H])c1[H])C([H])([H])C([H])([H])C([H])([H])P(=O)(O[H])O[H],[H]ON(C(=O)c1c([H])nc([H])c(C(=O)N([H])[H])c1[H])C([H])([H])C([H])([H])C([H])([H])P(=O)(O[H])O[H],GCOMLAHZHFPXKE-UHFFFAOYSA-N,50437805,3600.0,NC(=O)c1cncc(C(=O)N(O)CCCP(=O)(O)O)c1
133,50044971,[H]Oc1c([H])c([H])c([H])c(/C([H])=C2\SC(=S)N(C([H])([H])C(=O)N([H])c3c([H])c([H])c(Oc4c([H])c([H])c(C([H])([H])[H])c([H])c4[H])c([H])c3[H])C2=O)c1O[H],[H]Oc1c([H])c([H])c([H])c(C([H])=C2SC(=S)N(C([H])([H])C(=O)N([H])c3c([H])c([H])c(Oc4c([H])c([H])c(C([H])([H])[H])c([H])c4[H])c([H])c3[H])C2=O)c1O[H],BXEYEGVRESMXSL-BKUYFWCQSA-N,50044971,3600.0,Cc1ccc(Oc2ccc(NC(=O)CN3C(=O)C(=Cc4cccc(O)c4O)SC3=S)cc2)cc1
134,50044975,[H]Oc1c([H])c([H])c(/C([H])=C2\SC(=S)N(C([H])([H])C(=O)N([H])O[H])C2=O)c([H])c1O[H],[H]Oc1c([H])c([H])c(C([H])=C2SC(=S)N(C([H])([H])C(=O)N([H])O[H])C2=O)c([H])c1O[H],OCWLWNNESIGNST-WTKPLQERSA-N,50044975,3800.0,O=C(CN1C(=O)C(=Cc2ccc(O)c(O)c2)SC1=S)NO
135,50441200,[H]ON(C(=O)C([H])([H])O[C@]([H])(c1c([H])c([H])c(C([H])([H])[H])c([H])c1[H])P(=O)(O[H])O[H])C([H])([H])[H],[H]ON(C(=O)C([H])([H])OC([H])(c1c([H])c([H])c(C([H])([H])[H])c([H])c1[H])P(=O)(O[H])O[H])C([H])([H])[H],RRNKZJYPJAPRFT-NSHDSACASA-N,50441200,4000.0,Cc1ccc(C(OCC(=O)N(C)O)P(=O)(O)O)cc1
136,50135835,[H]OP(=O)(O[H])C([H])(N([H])c1nc([H])c([H])c2c([H])c([H])c([H])c([H])c12)P(=O)(O[H])O[H],[H]OP(=O)(O[H])C([H])(N([H])c1nc([H])c([H])c2c([H])c([H])c([H])c([H])c12)P(=O)(O[H])O[H],JPVMIOWESIQIGB-UHFFFAOYSA-N,50135835,4000.0,O=P(O)(O)C(Nc1nccc2ccccc12)P(=O)(O)O
138,59100,[H]Oc1c([H])c([H])c(/C([H])=C2\SC(=S)N(C([H])([H])C(=O)N([H])c3c([H])c([H])c(Oc4c([H])c([H])c(C([H])([H])[H])c([H])c4[H])c([H])c3[H])C2=O)c([H])c1O[H],[H]Oc1c([H])c([H])c(C([H])=C2SC(=S)N(C([H])([H])C(=O)N([H])c3c([H])c([H])c(Oc4c([H])c([H])c(C([H])([H])[H])c([H])c4[H])c([H])c3[H])C2=O)c([H])c1O[H],NDEWWTFWHOMPMV-XKZIYDEJSA-N,59100,4100.0,Cc1ccc(Oc2ccc(NC(=O)CN3C(=O)C(=Cc4ccc(O)c(O)c4)SC3=S)cc2)cc1
139,50028380,[H]ON(C(=O)C([H])([H])C([H])([H])C([H])([H])[C@@]([H])(c1c([H])c([H])c([H])c([H])c1[H])P(=O)(O[H])O[H])C([H])([H])[H],[H]ON(C(=O)C([H])([H])C([H])([H])C([H])([H])C([H])(c1c([H])c([H])c([H])c([H])c1[H])P(=O)(O[H])O[H])C([H])([H])[H],BJAJYJPPRQEDDK-NSHDSACASA-N,50028380,4300.0,CN(O)C(=O)CCCC(c1ccccc1)P(=O)(O)O
140,50528595,[H]ON(C(=O)C([H])([H])S(=O)(=O)[C@]([H])(c1c([H])c(F)c([H])c(F)c1[H])P(=O)(O[H])O[H])C([H])([H])[H],[H]ON(C(=O)C([H])([H])S(=O)(=O)C([H])(c1c([H])c(F)c([H])c(F)c1[H])P(=O)(O[H])O[H])C([H])([H])[H],UUQUCESUGTXANS-SNVBAGLBSA-N,50528595,4300.0,CN(O)C(=O)CS(=O)(=O)C(c1cc(F)cc(F)c1)P(=O)(O)O
143,50528601,[H]ON([H])C(=O)C([H])([H])S(=O)(=O)[C@]([H])(c1c([H])c(OC([H])([H])[H])c([H])c(OC([H])([H])[H])c1[H])P(=O)(O[H])O[H],[H]ON([H])C(=O)C([H])([H])S(=O)(=O)C([H])(c1c([H])c(OC([H])([H])[H])c([H])c(OC([H])([H])[H])c1[H])P(=O)(O[H])O[H],SUVNJFICWNSRLX-LLVKDONJSA-N,50528601,4500.0,COc1cc(OC)cc(C(P(=O)(O)O)S(=O)(=O)CC(=O)NO)c1
144,50441203,[H]ON(C(=O)C([H])([H])O[C@]([H])(c1c([H])c([H])c(F)c(F)c1[H])P(=O)(O[H])O[H])C([H])([H])[H],[H]ON(C(=O)C([H])([H])OC([H])(c1c([H])c([H])c(F)c(F)c1[H])P(=O)(O[H])O[H])C([H])([H])[H],XKRWMTQGABKZDX-JTQLQIEISA-N,50441203,4600.0,CN(O)C(=O)COC(c1ccc(F)c(F)c1)P(=O)(O)O
145,50335492,[H]OP(=O)(O[H])C([H])([H])c1nc([H])c([H])c([H])c1[H],[H]OP(=O)(O[H])C([H])([H])c1nc([H])c([H])c([H])c1[H],WVWCWWLEFNGDBC-UHFFFAOYSA-N,50335492,4600.0,O=P(O)(O)Cc1ccccn1
146,50422670,[H]ON(C(=O)C([H])([H])N([H])C(=O)c1c([H])c([H])c(OC(F)(F)F)c([H])c1[H])C([H])([H])C([H])([H])C([H])([H])P(=O)(O[H])O[H],[H]ON(C(=O)C([H])([H])N([H])C(=O)c1c([H])c([H])c(OC(F)(F)F)c([H])c1[H])C([H])([H])C([H])([H])C([H])([H])P(=O)(O[H])O[H],BSNRVHMVFQEWLQ-UHFFFAOYSA-N,50422670,5129.0,O=C(NCC(=O)N(O)CCCP(=O)(O)O)c1ccc(OC(F)(F)F)cc1
148,50422659,[H]ON(C([H])=O)C([H])([H])[C@@]([H])(C([H])([H])c1c([H])c([H])c([H])c([H])c1[H])C([H])([H])P(=O)(O[H])O[H],[H]ON(C([H])=O)C([H])([H])C([H])(C([H])([H])c1c([H])c([H])c([H])c([H])c1[H])C([H])([H])P(=O)(O[H])O[H],GSTJPVSZSQVHTK-LLVKDONJSA-N,50422659,6457.0,O=CN(O)CC(Cc1ccccc1)CP(=O)(O)O
149,50422643,[H]ON(C(=O)C([H])([H])[H])C([H])([H])C([H])([H])[C@@]([H])(C([H])([H])C([H])([H])C([H])([H])[H])P(=O)(O[H])O[H],[H]ON(C(=O)C([H])([H])[H])C([H])([H])C([H])([H])C([H])(C([H])([H])C([H])([H])C([H])([H])[H])P(=O)(O[H])O[H],JTGWCTDCLRMUIK-MRVPVSSYSA-N,50422643,6607.0,CCCC(CCN(O)C(C)=O)P(=O)(O)O
150,50422654,[H]ON(C([H])=O)C([H])([H])C([H])([H])[C@@]([H])(C([H])(C([H])([H])[H])C([H])([H])[H])P(=O)(O[H])O[H],[H]ON(C([H])=O)C([H])([H])C([H])([H])C([H])(C([H])(C([H])([H])[H])C([H])([H])[H])P(=O)(O[H])O[H],DFKLUTJHAPCQBM-ZETCQYMHSA-N,50422654,6607.0,CC(C)C(CCN(O)C=O)P(=O)(O)O
151,50081650,[H]ON(C(=O)C([H])([H])[C@]([H])(C([H])([H])C([H])([H])C([H])([H])C([H])([H])c1c([H])c([H])c([H])c([H])c1[H])C([H])([H])[P@](=O)([O-])O[H])C([H])([H])[H],[H]ON(C(=O)C([H])([H])C([H])(C([H])([H])C([H])([H])C([H])([H])C([H])([H])c1c([H])c([H])c([H])c([H])c1[H])C([H])([H])P(=O)([O-])O[H])C([H])([H])[H],FWCPRMVLUHPTMF-AWEZNQCLSA-M,50081650,6670.0,CN(O)C(=O)CC(CCCCc1ccccc1)CP(=O)([O-])O
152,50437801,[H]ON(C(=O)c1c([H])c([H])c([H])c([H])c1C([H])([H])c1sc([H])c([H])c1[H])C([H])([H])C([H])([H])[C@@]([H])(c1c([H])c([H])c(Cl)c(Cl)c1[H])P(=O)(O[H])O[H],[H]ON(C(=O)c1c([H])c([H])c([H])c([H])c1C([H])([H])c1sc([H])c([H])c1[H])C([H])([H])C([H])([H])C([H])(c1c([H])c([H])c(Cl)c(Cl)c1[H])P(=O)(O[H])O[H],RNHFOWGQTCFQEC-FQEVSTJZSA-N,50437801,7000.0,O=C(c1ccccc1Cc1cccs1)N(O)CCC(c1ccc(Cl)c(Cl)c1)P(=O)(O)O
153,50115109,[H]OP(=O)(O[H])C([H])(N([H])c1nc([H])c(Cl)c([H])c1[H])P(=O)(O[H])O[H],[H]OP(=O)(O[H])C([H])(N([H])c1nc([H])c(Cl)c([H])c1[H])P(=O)(O[H])O[H],BNMYZGAZFGNKTH-UHFFFAOYSA-N,50115109,7000.0,O=P(O)(O)C(Nc1ccc(Cl)cn1)P(=O)(O)O
154,50422642,[H]ON(C(=O)C([H])([H])N([H])C(=O)C1([H])C([H])([H])C1([H])[H])C([H])([H])C([H])([H])C([H])([H])P(=O)(O[H])O[H],[H]ON(C(=O)C([H])([H])N([H])C(=O)C1([H])C([H])([H])C1([H])[H])C([H])([H])C([H])([H])C([H])([H])P(=O)(O[H])O[H],UHCOSYOZVSEXPK-UHFFFAOYSA-N,50422642,7079.0,O=C(NCC(=O)N(O)CCCP(=O)(O)O)C1CC1
155,50335490,[H]OP(=O)(O[H])C([H])([H])c1c([H])c([H])nc([H])c1[H],[H]OP(=O)(O[H])C([H])([H])c1c([H])c([H])nc([H])c1[H],FMAPICFMLRVVSP-UHFFFAOYSA-N,50335490,7100.0,O=P(O)(O)Cc1ccncc1
157,50437796,[H]ON(C(=O)c1c([H])c([H])c([H])c([H])c1OC(F)(F)F)C([H])([H])C([H])([H])[C@@]([H])(c1c([H])c([H])c(Cl)c(Cl)c1[H])P(=O)(O[H])O[H],[H]ON(C(=O)c1c([H])c([H])c([H])c([H])c1OC(F)(F)F)C([H])([H])C([H])([H])C([H])(c1c([H])c([H])c(Cl)c(Cl)c1[H])P(=O)(O[H])O[H],PDZIQZYFJOAVFY-HNNXBMFYSA-N,50437796,8000.0,O=C(c1ccccc1OC(F)(F)F)N(O)CCC(c1ccc(Cl)c(Cl)c1)P(=O)(O)O
158,50422671,[H]ON(C([H])=O)C([H])([H])C([H])([H])[C@@]([H])(C([H])([H])C([H])([H])C([H])([H])[H])P(=O)(O[H])O[H],[H]ON(C([H])=O)C([H])([H])C([H])([H])C([H])(C([H])([H])C([H])([H])C([H])([H])[H])P(=O)(O[H])O[H],PTRYLLOUYRUORZ-SSDOTTSWSA-N,50422671,8128.0,CCCC(CCN(O)C=O)P(=O)(O)O
160,50437802,[H]ON(C(=O)c1c([H])c([H])c([H])c([H])c1C(F)(F)F)C([H])([H])C([H])([H])[C@@]([H])(c1c([H])c([H])c(Cl)c(Cl)c1[H])P(=O)(O[H])O[H],[H]ON(C(=O)c1c([H])c([H])c([H])c([H])c1C(F)(F)F)C([H])([H])C([H])([H])C([H])(c1c([H])c([H])c(Cl)c(Cl)c1[H])P(=O)(O[H])O[H],MEDBZDOCGVNSLM-HNNXBMFYSA-N,50437802,9000.0,O=C(c1ccccc1C(F)(F)F)N(O)CCC(c1ccc(Cl)c(Cl)c1)P(=O)(O)O
161,50422664,[H]ON([H])C(=O)[C@@]([H])(N([H])[H])C([H])([H])C([H])([H])P(=O)(O[H])O[H],[H]ON([H])C(=O)C([H])(N([H])[H])C([H])([H])C([H])([H])P(=O)(O[H])O[H],FHMAKACGDXCLNE-VKHMYHEASA-N,50422664,9772.0,NC(CCP(=O)(O)O)C(=O)NO
162,50335491,[H]OP(=O)(O[H])C([H])([H])c1c([H])nc([H])c([H])c1[H],[H]OP(=O)(O[H])C([H])([H])c1c([H])nc([H])c([H])c1[H],QDDHHQXANXQQAY-UHFFFAOYSA-N,50335491,10000.0,O=P(O)(O)Cc1cccnc1
164,50422676,[H]ON(C(=O)C(C([H])([H])[H])(C([H])([H])[H])C([H])([H])[H])C([H])([H])C([H])([H])C([H])([H])P(=O)(O[H])O[H],[H]ON(C(=O)C(C([H])([H])[H])(C([H])([H])[H])C([H])([H])[H])C([H])([H])C([H])([H])C([H])([H])P(=O)(O[H])O[H],NEZISRPYGWZJCI-UHFFFAOYSA-N,50422676,10965.0,CC(C)(C)C(=O)N(O)CCCP(=O)(O)O
165,50028381,[H]ON(C(=O)C([H])([H])C([H])([H])[C@@]([H])(N([H])C(=O)c1c([H])c([H])c([H])c([H])c1[H])P(=O)(O[H])O[H])C([H])([H])[H],[H]ON(C(=O)C([H])([H])C([H])([H])C([H])(N([H])C(=O)c1c([H])c([H])c([H])c([H])c1[H])P(=O)(O[H])O[H])C([H])([H])[H],DIHZMVOBBRRTTG-JTQLQIEISA-N,50028381,11000.0,CN(O)C(=O)CCC(NC(=O)c1ccccc1)P(=O)(O)O
167,50528600,[H]ON(C(=O)C([H])([H])S(=O)(=O)[C@]([H])(c1c([H])c([H])c(Cl)c(Cl)c1[H])P(=O)(O[H])O[H])C([H])([H])[H],[H]ON(C(=O)C([H])([H])S(=O)(=O)C([H])(c1c([H])c([H])c(Cl)c(Cl)c1[H])P(=O)(O[H])O[H])C([H])([H])[H],HLANOBCZDCGZQO-SNVBAGLBSA-N,50528600,11000.0,CN(O)C(=O)CS(=O)(=O)C(c1ccc(Cl)c(Cl)c1)P(=O)(O)O
168,701278,COCOCOCOP(=O)(/C=C/CN(O)C=O)OCOCOCOC,COCOCOCOP(=O)(C=CCN(O)C=O)OCOCOCOC,ZFHQRCCUHAVXPR-HWKANZROSA-N,701278,12560.0,COCOCOCOP(=O)(C=CCN(O)C=O)OCOCOCOC
169,50437794,[H]ON(C(=O)c1c([H])c([H])c([H])c([H])c1C([H])([H])n1nc([H])nc1[H])C([H])([H])C([H])([H])[C@@]([H])(c1c([H])c([H])c(Cl)c(Cl)c1[H])P(=O)(O[H])O[H],[H]ON(C(=O)c1c([H])c([H])c([H])c([H])c1C([H])([H])n1nc([H])nc1[H])C([H])([H])C([H])([H])C([H])(c1c([H])c([H])c(Cl)c(Cl)c1[H])P(=O)(O[H])O[H],CGKYBZFXVQNZBL-SFHVURJKSA-N,50437794,13000.0,O=C(c1ccccc1Cn1cncn1)N(O)CCC(c1ccc(Cl)c(Cl)c1)P(=O)(O)O
170,50441194,[H]ON(C(=O)C([H])([H])C([H])([H])[C@@]([H])(c1c([H])c([H])c([H])c2c([H])c([H])c([H])c([H])c12)P(=O)(O[H])O[H])C([H])([H])[H],[H]ON(C(=O)C([H])([H])C([H])([H])C([H])(c1c([H])c([H])c([H])c2c([H])c([H])c([H])c([H])c12)P(=O)(O[H])O[H])C([H])([H])[H],GVYNITXGUQLLHI-AWEZNQCLSA-N,50441194,13000.0,CN(O)C(=O)CCC(c1cccc2ccccc12)P(=O)(O)O
171,50441192,[H]ON([H])C(=O)C([H])([H])C([H])([H])[C@@]([H])(c1c([H])c([H])c([H])c([H])c1[H])P(=O)(O[H])O[H],[H]ON([H])C(=O)C([H])([H])C([H])([H])C([H])(c1c([H])c([H])c([H])c([H])c1[H])P(=O)(O[H])O[H],AXSYMYWFEVETHK-VIFPVBQESA-N,50441192,14000.0,O=C(CCC(c1ccccc1)P(=O)(O)O)NO
172,50422647,[H]ON(C(=O)C(F)(F)F)C([H])([H])C([H])([H])C([H])([H])P(=O)(O[H])O[H],[H]ON(C(=O)C(F)(F)F)C([H])([H])C([H])([H])C([H])([H])P(=O)(O[H])O[H],XSFPIPPKOYPIQE-UHFFFAOYSA-N,50422647,14125.0,O=C(N(O)CCCP(=O)(O)O)C(F)(F)F
173,50422672,[H]ON(C(=O)C([H])([H])N([H])C(=O)C([H])([H])c1c([H])c([H])c(OC([H])([H])[H])c(OC([H])([H])[H])c1[H])C([H])([H])C([H])([H])C([H])([H])P(=O)(O[H])O[H],[H]ON(C(=O)C([H])([H])N([H])C(=O)C([H])([H])c1c([H])c([H])c(OC([H])([H])[H])c(OC([H])([H])[H])c1[H])C([H])([H])C([H])([H])C([H])([H])P(=O)(O[H])O[H],ZBZVXYVGRZDLSD-UHFFFAOYSA-N,50422672,14125.0,COc1ccc(CC(=O)NCC(=O)N(O)CCCP(=O)(O)O)cc1OC
175,50441201,[H]ON(C(=O)C([H])([H])O[C@]([H])(c1c([H])c([H])c([H])c2c([H])c([H])c([H])c([H])c12)P(=O)(O[H])O[H])C([H])([H])[H],[H]ON(C(=O)C([H])([H])OC([H])(c1c([H])c([H])c([H])c2c([H])c([H])c([H])c([H])c12)P(=O)(O[H])O[H])C([H])([H])[H],RZCGPVVICRPZKJ-AWEZNQCLSA-N,50441201,15000.0,CN(O)C(=O)COC(c1cccc2ccccc12)P(=O)(O)O
176,50441207,[H]ON([H])C(=O)C([H])([H])S[C@@]([H])(c1c([H])c([H])c([H])c([H])c1[H])P(=O)(O[H])O[H],[H]ON([H])C(=O)C([H])([H])SC([H])(c1c([H])c([H])c([H])c([H])c1[H])P(=O)(O[H])O[H],IKUWJQAZPLAXHU-VIFPVBQESA-N,50441207,15000.0,O=C(CSC(c1ccccc1)P(=O)(O)O)NO
177,50528591,[H]ON(C(=O)C([H])([H])S(=O)(=O)[C@]([H])(c1c([H])c([H])c([H])c2c([H])c([H])c([H])c([H])c12)P(=O)(O[H])O[H])C([H])([H])[H],[H]ON(C(=O)C([H])([H])S(=O)(=O)C([H])(c1c([H])c([H])c([H])c2c([H])c([H])c([H])c([H])c12)P(=O)(O[H])O[H])C([H])([H])[H],ZVESHGXETCATEP-CQSZACIVSA-N,50528591,15000.0,CN(O)C(=O)CS(=O)(=O)C(c1cccc2ccccc12)P(=O)(O)O
179,50422665,[H]ON(C(=O)C([H])([H])C([H])([H])N([H])[H])C([H])([H])C([H])([H])C([H])([H])P(=O)(O[H])O[H],[H]ON(C(=O)C([H])([H])C([H])([H])N([H])[H])C([H])([H])C([H])([H])C([H])([H])P(=O)(O[H])O[H],NPRVVDXQQZESLR-UHFFFAOYSA-N,50422665,15849.0,NCCC(=O)N(O)CCCP(=O)(O)O
180,50422673,[H]ON(C(=O)C(=O)OC([H])([H])C([H])([H])[H])[C@@]1([H])C([H])([H])C([H])([H])[C@@]([H])(P(=O)(O[H])O[H])C1([H])[H],[H]ON(C(=O)C(=O)OC([H])([H])C([H])([H])[H])C1([H])C([H])([H])C([H])([H])C([H])(P(=O)(O[H])O[H])C1([H])[H],JYDYIVNHQSXVJE-NKWVEPMBSA-N,50422673,15849.0,CCOC(=O)C(=O)N(O)C1CCC(P(=O)(O)O)C1
181,50335494,[H]OP(=O)(O[H])C([H])([H])c1nc2c([H])c([H])c([H])c([H])c2c([H])c1[H],[H]OP(=O)(O[H])C([H])([H])c1nc2c([H])c([H])c([H])c([H])c2c([H])c1[H],SZCYKKWPKXABPU-UHFFFAOYSA-N,50335494,15900.0,O=P(O)(O)Cc1ccc2ccccc2n1
182,50441204,[H]ON(C(=O)C([H])([H])O[C@]([H])(c1c([H])c([H])c([H])c([H])c1[H])P(=O)(O[H])O[H])C([H])([H])[H],[H]ON(C(=O)C([H])([H])OC([H])(c1c([H])c([H])c([H])c([H])c1[H])P(=O)(O[H])O[H])C([H])([H])[H],JAIZGFIPNLDIAR-JTQLQIEISA-N,50441204,16000.0,CN(O)C(=O)COC(c1ccccc1)P(=O)(O)O
183,50422661,[H]ON([H])C(=O)C([H])([H])N([H])C([H])([H])P(=O)(O[H])O[H],[H]ON([H])C(=O)C([H])([H])N([H])C([H])([H])P(=O)(O[H])O[H],DSADRDIOOIRTOU-UHFFFAOYSA-N,50422661,16218.0,O=C(CNCP(=O)(O)O)NO
184,50422652,[H]ON(C(=O)C([H])([H])N([H])C(=O)C([H])([H])C([H])([H])C([H])([H])c1c([H])n([H])c2c([H])c([H])c([H])c([H])c12)C([H])([H])C([H])([H])C([H])([H])P(=O)(O[H])O[H],[H]ON(C(=O)C([H])([H])N([H])C(=O)C([H])([H])C([H])([H])C([H])([H])c1c([H])n([H])c2c([H])c([H])c([H])c([H])c12)C([H])([H])C([H])([H])C([H])([H])P(=O)(O[H])O[H],WPUOWEOYBGYCKS-UHFFFAOYSA-N,50422652,16982.0,O=C(CCCc1c[nH]c2ccccc12)NCC(=O)N(O)CCCP(=O)(O)O
